"Contract_ID","Plan_ID","Segment_ID","Year","Star_Rating","Premium","Annual_Deductible","Drug_Coverage","In_MOOP","Out_MOOP","In_HP_Deductible","Out_HP_Deductible","In_Inpatient","In_Inpatient_numdays","In_Inpatient_inf","Out_Inpatient","Out_Inpatient_numdays","Out_Inpatient_inf","Out_Inpatient_Coin","In_Primary_Min","In_Primary_Max","Out_Primary_Min","Out_Primary_Max","Out_Primary_Coin","In_Specialist_Min","In_Specialist_Max","Out_Specialist_Min","Out_Specialist_Max","Out_Specialist_Coin","Emergency_Care","Urgent_Care_Min","Urgent_Care_Max","In_Ambulance","In_Ambulance_Coin","Out_Ambulance_Min","Out_Ambulance_Max","Out_Ambulance_Coin","In_Vision_Exam","Out_Vision_Exam","Out_Vision_Exam_Coin","In_Hearing_Exam","Out_Hearing_Exam_Min","Out_Hearing_Exam_Max","Out_Hearing_Exam_Coin","Tier1","Tier2","Tier3","Tier4","Tier4_Coin","Tier5_Coin","OTC_Yearly","# of preventive Dental Coverage","# of comprehensive Dental Coverage","14c1_Health_Education","14c10_In-Home_Safety_Assessment","14c11_Personal_Emergency_Response_System","14c12_Medical_Nutrition_Therapy","14c13_In-Home_Medication_Reconciliation","14c14_Re-admission_Prevention","14c15_Wigs_for_Hair_Loss","14c16_Weight_Management_Programs","14c17_Alternative_Therapies","14c2_Nutritional/Dietary_Benefit","14c3_Smoking_Tobacco_Counseling","14c4_Fitness_Benefit","14c5_Enhanced_Disease_Management","14c6_Telemonitoring_Services","14c7_Remote_Access_Technologies","14c8_Bathroom_Safety_Devices","14c9_Counseling_Services","14c18_Therapeutic_Massage","14c19_Adult_Day_Health_Services","14c20_Home-Based_Palliative_Care","14c21_In-Home_Support_Services","14c22_Support_for_Caregivers_of_Enrollees","Q1 website"
"H0712",19,0,2019,3.5,0,0,1,5000,NA,175,NA,450,4,0,450,4,0,NA,0,0,0,0,NA,45,45,45,45,NA,90,25,25,250,NA,250,250,NA,0,0,NA,45,45,45,NA,3,12,47,NA,0.48,0.33,240,4,6,0,0,1,0,0,0,0,0,0,0,0,1,0,0,1,0,0,NA,NA,NA,NA,NA,"https://q1medicare.com/MedicareAdvantage-2019C-MedicareHealthPlanBenefits.php?state=CT&source=2019MAFinder&ZIP=&countyCode=9003&contractId=H0712&planId=019&segmentId=0&plan=WellCare%20Value%20(HMO)%20-%20H0712-019-0&utm_source=partd&utm_medium=mafinder&utm_campaign=planname"
"H0712",20,0,2019,3.5,16.6,415,1,4000,4000,0,0,375,4,0,NA,NA,1,0.3,0,0,NA,NA,0.3,35,35,NA,NA,0.3,90,25,25,200,NA,200,NA,0.3,0,NA,NA,35,NA,NA,0.3,3,7,47,NA,0.5,0.25,420,4,6,0,0,1,0,0,0,0,0,0,0,0,1,0,0,1,0,0,NA,NA,NA,NA,NA,"https://q1medicare.com/MedicareAdvantage-2019C-MedicareHealthPlanBenefits.php?state=CT&source=2019MAFinder&ZIP=&countyCode=9011&contractId=H0712&planId=020&segmentId=0&plan=WellCare%20Rx%20(HMO-POS)%20-%20H0712-020-0&utm_source=partd&utm_medium=mafinder&utm_campaign=planname"
"H0712",21,0,2019,3.5,40,0,1,6700,NA,0,0,450,4,0,450,4,0,NA,0,0,0,0,NA,35,35,35,35,NA,90,25,25,150,NA,150,150,NA,0,0,NA,35,35,35,NA,0,17,47,NA,0.48,0.33,276,4,6,0,0,0,0,0,0,0,0,0,0,0,1,0,0,1,0,0,NA,NA,NA,NA,NA,"https://q1medicare.com/MedicareAdvantage-2019C-MedicareHealthPlanBenefits.php?state=CT&source=2019MAFinder&ZIP=&countyCode=9011&contractId=H0712&planId=021&segmentId=0&plan=WellCare%20Preferred%20(HMO)%20-%20H0712-021-0&utm_source=partd&utm_medium=mafinder&utm_campaign=planname"
"H3528",10,0,2019,4,0,0,1,6700,6700,0,0,465,4,0,465,4,0,NA,0,0,0,0,NA,45,45,45,45,NA,90,50,50,325,NA,325,325,NA,45,45,NA,45,45,45,NA,2,10,42,95,NA,0.33,NA,3,5,0,0,0,0,0,0,0,0,0,0,0,1,0,0,0,0,0,NA,NA,NA,NA,NA,"https://q1medicare.com/MedicareAdvantage-2019C-MedicareHealthPlanBenefits.php?state=CT&source=2019MAFinder&ZIP=&countyCode=9011&contractId=H0712&planId=021&segmentId=0&plan=WellCare%20Preferred%20(HMO)%20-%20H0712-021-0&utm_source=partd&utm_medium=mafinder&utm_campaign=planname"
"H3528",14,0,2019,4,0,300,1,6700,NA,1000,NA,465,4,0,465,4,0,NA,10,10,10,10,NA,50,50,50,50,NA,90,50,50,385,NA,385,385,NA,50,50,NA,50,50,50,NA,2,10,42,95,NA,0.27,NA,3,0,0,0,0,0,0,0,0,0,0,0,0,1,0,0,0,0,0,NA,NA,NA,NA,NA,"https://q1medicare.com/MedicareAdvantage-2019C-MedicareHealthPlanBenefits.php?state=CT&source=2019MAFinder&ZIP=&countyCode=9015&contractId=H3528&planId=014&segmentId=0&plan=ConnectiCare%20Choice%20Plan%203%20(HMO)%20-%20H3528-014-0&utm_source=partd&utm_medium=mafinder&utm_campaign=planname"
"H5521",13,0,2019,4,77,0,1,6700,6700,0,0,310,6,0,NA,NA,1,0.3,10,10,NA,NA,0.3,40,40,NA,NA,0.3,90,10,40,275,NA,275,275,NA,0,0,0.3,40,NA,NA,0.3,2,5,47,100,NA,0.33,300,4,7,1,0,0,0,0,0,0,0,0,0,1,1,0,0,1,0,0,NA,NA,NA,NA,NA,"https://q1medicare.com/MedicareAdvantage-2019C-MedicareHealthPlanBenefits.php?state=CT&source=2019MAFinder&ZIP=&countyCode=9005&contractId=H5521&planId=013&segmentId=0&plan=Aetna%20Medicare%20Freedom%20Complete%20(PPO)%20-%20H5521-013-0&utm_source=partd&utm_medium=mafinder&utm_campaign=planname"
"H5793",1,0,2019,4.5,67,195,1,6700,NA,0,0,450,4,0,450,4,0,NA,20,20,20,20,NA,45,45,45,45,NA,90,20,45,315,NA,325,325,NA,0,0,NA,45,45,45,NA,2,5,47,100,NA,0.29,300,4,7,1,0,0,0,0,0,0,0,0,0,1,1,0,0,1,0,0,NA,NA,NA,NA,NA,"https://q1medicare.com/MedicareAdvantage-2019C-MedicareHealthPlanBenefits.php?state=CT&source=2019MAFinder&ZIP=&countyCode=9011&contractId=H5793&planId=001&segmentId=0&plan=Aetna%20Medicare%20Value%20Plan%20(HMO)%20-%20H5793-001-0&utm_source=partd&utm_medium=mafinder&utm_campaign=planname"
"H5793",10,0,2019,4.5,0,0,1,6700,NA,1000,NA,750,NA,1,750,NA,1,NA,15,15,15,15,NA,45,45,45,45,NA,90,15,45,295,NA,295,295,NA,0,0,NA,45,45,45,NA,2,5,47,100,NA,0.33,300,4,7,1,0,0,0,0,0,0,0,0,0,1,1,0,0,1,0,0,NA,NA,NA,NA,NA,"https://q1medicare.com/MedicareAdvantage-2019C-MedicareHealthPlanBenefits.php?state=CT&source=2019MAFinder&ZIP=&countyCode=9001&contractId=H5793&planId=010&segmentId=0&plan=Aetna%20Medicare%20Elite%20Plan%20(HMO)%20-%20H5793-010-0&utm_source=partd&utm_medium=mafinder&utm_campaign=detailsicon"
"H0755",30,0,2019,3,96,100,1,4200,NA,0,NA,345,5,1,345,5,1,NA,5,5,5,5,NA,30,30,30,30,NA,90,25,35,225,NA,225,225,NA,20,20,NA,5,5,5,NA,3,12,45,95,NA,0.31,240,4,5,0,0,0,0,0,0,0,0,0,0,0,1,0,0,1,0,0,NA,NA,NA,NA,NA,"https://q1medicare.com/MedicareAdvantage-2019C-MedicareHealthPlanBenefits.php?state=CT&source=2019MAFinder&ZIP=&countyCode=9007&contractId=H0755&planId=030&segmentId=0&plan=UnitedHealthcare%20MedicareComplete%20Plan%201%20(HMO)%20-%20H0755-030-0&utm_source=partd&utm_medium=mafinder&utm_campaign=planname"
"H0755",31,0,2019,3,26,150,1,6000,NA,0,NA,395,4,1,395,4,1,NA,10,10,10,10,NA,40,40,40,40,NA,90,25,35,250,NA,250,250,NA,20,20,NA,10,10,10,NA,3,12,45,95,NA,0.31,200,4,5,0,0,0,0,0,0,0,0,0,0,0,1,0,0,1,0,0,NA,NA,NA,NA,NA,"https://q1medicare.com/MedicareAdvantage-2019C-MedicareHealthPlanBenefits.php?state=CT&source=2019MAText&ZIP=&countyCode=9015&contractId=H0755&planId=031&segmentId=0&plan=UnitedHealthcare%20MedicareComplete%20Plan%202%20(HMO)&utm_source=partd&utm_medium=matext&utm_campaign=detailstext"
"H0755",32,0,2019,3,0,NA,0,6000,NA,0,NA,395,4,1,395,4,1,NA,5,5,5,5,NA,35,35,35,35,NA,90,25,35,250,NA,250,250,NA,20,20,NA,5,5,5,NA,NA,NA,NA,NA,NA,NA,NA,3,0,0,0,0,0,0,0,0,0,0,0,0,1,0,0,1,0,0,NA,NA,NA,NA,NA,"https://q1medicare.com/MedicareAdvantage-2019C-MedicareHealthPlanBenefits.php?state=CT&source=2019MAFinder&ZIP=&countyCode=9015&contractId=H0755&planId=032&segmentId=0&plan=UnitedHealthcare%20MedicareComplete%20Essential%20(HMO)%20-%20H0755-032-0&utm_source=partd&utm_medium=mafinder&utm_campaign=planname"
"H0755",33,0,2019,3,0,175,1,6700,NA,0,0,430,4,1,430,4,1,NA,15,15,15,15,NA,45,45,45,45,NA,90,25,35,240,NA,240,240,NA,20,20,NA,15,15,15,NA,3,12,45,95,NA,0.31,160,0,0,0,0,0,0,0,0,0,0,0,0,0,1,0,0,1,0,0,NA,NA,NA,NA,NA,"https://q1medicare.com/MedicareAdvantage-2019C-MedicareHealthPlanBenefits.php?state=CT&source=2019MAText&ZIP=&countyCode=9001&contractId=H0755&planId=033&segmentId=0&plan=UnitedHealthcare%20MedicareComplete%20Plan%203%20(HMO)&utm_source=partd&utm_medium=matext&utm_campaign=detailstext"
"H5793",11,0,2019,4.5,0,0,1,6700,NA,1000,NA,750,NA,1,750,NA,1,NA,10,10,10,10,NA,40,40,40,40,NA,90,10,40,250,NA,250,250,NA,0,0,NA,40,40,40,NA,2,5,47,100,NA,0.33,300,4,7,1,0,0,0,0,0,0,0,0,0,1,1,0,0,1,0,0,NA,NA,NA,NA,NA,"https://q1medicare.com/MedicareAdvantage-2019C-MedicareHealthPlanBenefits.php?state=CT&source=2019MAFinder&ZIP=&countyCode=9005&contractId=H5793&planId=011&segmentId=0&plan=Aetna%20Medicare%20Elite%20Plan%20(HMO)%20-%20H5793-011-0&utm_source=partd&utm_medium=mafinder&utm_campaign=planname"
"H5793",12,0,2019,4.5,0,0,1,6700,NA,1000,NA,750,NA,1,750,NA,1,NA,0,0,0,0,NA,35,35,35,35,NA,90,0,35,295,NA,295,295,NA,0,0,NA,35,35,35,NA,0,0,47,100,NA,0.33,300,4,7,1,0,0,0,0,0,0,0,0,0,1,1,0,0,1,0,0,NA,NA,NA,NA,NA,"https://q1medicare.com/MedicareAdvantage-2019C-MedicareHealthPlanBenefits.php?state=CT&source=2019MAFinder&ZIP=&countyCode=9011&contractId=H5793&planId=012&segmentId=0&plan=Aetna%20Medicare%20Prime%20PCP%20Elite%20(HMO)%20-%20H5793-012-0&utm_source=partd&utm_medium=mafinder&utm_campaign=planname"
"H5854",7,0,2019,3.5,24,415,1,6700,NA,0,0,430,4,0,430,4,0,NA,20,20,20,20,NA,50,50,50,50,NA,90,65,65,330,NA,330,330,NA,0,0,NA,50,50,50,NA,10,15,41,95,NA,0.25,NA,0,0,0,0,0,0,0,0,0,0,0,0,0,1,0,0,1,0,0,NA,NA,NA,NA,NA,"https://q1medicare.com/MedicareAdvantage-2019C-MedicareHealthPlanBenefits.php?state=CT&source=2019MAFinder&ZIP=&countyCode=9003&contractId=H5854&planId=007&segmentId=0&plan=Anthem%20MediBlue%20Plus%20(HMO)%20-%20H5854-007-0&utm_source=partd&utm_medium=mafinder&utm_campaign=planname"
"H3528",3,0,2019,4,0,NA,0,6000,NA,0,0,295,6,0,295,6,0,NA,0,0,0,0,NA,10,10,10,10,NA,90,10,10,50,NA,50,50,NA,10,10,NA,10,10,10,NA,NA,NA,NA,NA,NA,NA,NA,3,0,0,0,0,0,0,0,0,0,0,0,0,1,0,0,0,0,0,NA,NA,NA,NA,NA,"https://q1medicare.com/MedicareAdvantage-2019C-MedicareHealthPlanBenefits.php?state=CT&source=2019MAFinder&ZIP=&countyCode=9009&contractId=H3528&planId=003&segmentId=0&plan=ConnectiCare%20Choice%20Plan%202%20(HMO)%20-%20H3528-003-0&utm_source=partd&utm_medium=mafinder&utm_campaign=detailsicon"
"H3528",6,0,2019,4,237,300,1,5300,10000,0,0,285,6,0,450,6,1,NA,15,15,40,40,NA,30,30,40,40,NA,90,30,30,200,NA,200,200,NA,30,40,NA,30,40,40,NA,2,10,42,95,NA,0.27,NA,0,0,0,0,0,0,0,0,0,0,0,0,0,1,0,0,0,0,0,NA,NA,NA,NA,NA,"https://q1medicare.com/MedicareAdvantage-2019C-MedicareHealthPlanBenefits.php?state=CT&source=2019MAText&ZIP=&countyCode=9001&contractId=H3528&planId=006&segmentId=0&plan=ConnectiCare%20Flex%20Plan%201%20(HMO-POS)&utm_source=partd&utm_medium=matext&utm_campaign=detailstext"
"H5273",1,0,2019,NA,0,200,1,5900,NA,0,0,425,4,0,425,4,0,NA,0,0,0,0,NA,45,45,45,45,NA,90,45,45,325,NA,325,325,NA,45,45,NA,45,45,45,NA,3,12,45,95,NA,0.29,NA,4,0,0,1,0,1,0,0,1,1,0,0,0,1,0,0,0,1,0,NA,NA,NA,NA,NA,"https://q1medicare.com/MedicareAdvantage-2019C-MedicareHealthPlanBenefits.php?state=CT&source=2019MAFinder&ZIP=&countyCode=9015&contractId=H5273&planId=001&segmentId=0&plan=CareAdvantage%20Preferred%20(HMO)%20-%20H5273-001-0&utm_source=partd&utm_medium=mafinder&utm_campaign=planname"
"H5273",2,0,2019,NA,29,150,1,4900,NA,0,0,375,4,0,375,4,0,NA,0,0,0,0,NA,40,40,40,40,NA,90,40,40,250,NA,250,250,NA,40,40,NA,40,40,40,NA,3,12,45,95,NA,0.3,NA,4,0,0,1,0,1,0,0,1,1,0,0,0,1,0,0,0,1,0,NA,NA,NA,NA,NA,"https://q1medicare.com/MedicareAdvantage-2019C-MedicareHealthPlanBenefits.php?state=CT&source=2019MAFinder&ZIP=&countyCode=9011&contractId=H5273&planId=002&segmentId=0&plan=CareAdvantage%20Prime%20(HMO)%20-%20H5273-002-0&utm_source=partd&utm_medium=mafinder&utm_campaign=planname"
"H5273",3,0,2019,NA,89,0,1,3700,NA,0,0,250,5,0,250,5,0,NA,0,0,0,0,NA,30,30,30,30,NA,90,30,30,200,NA,200,200,NA,30,30,NA,30,30,30,NA,3,12,45,95,NA,0.33,NA,4,0,0,1,0,1,0,0,1,1,0,0,0,1,0,0,0,1,0,NA,NA,NA,NA,NA,"https://q1medicare.com/MedicareAdvantage-2019C-MedicareHealthPlanBenefits.php?state=CT&source=2019MAFinder&ZIP=&countyCode=9011&contractId=H5273&planId=003&segmentId=0&plan=CareAdvantage%20Premier%20(HMO)%20-%20H5273-003-0&utm_source=partd&utm_medium=mafinder&utm_campaign=planname"
"H3528",11,1,2019,4,46,300,1,6700,10000,0,0,465,4,0,NA,NA,1,0.5,0,20,NA,NA,0.5,50,50,NA,NA,0.5,90,50,50,325,NA,325,325,NA,50,NA,0.5,50,NA,NA,0.5,2,10,42,95,NA,0.27,NA,0,0,0,0,0,0,0,0,0,0,0,0,0,1,0,0,0,0,0,NA,NA,NA,NA,NA,"https://q1medicare.com/MedicareAdvantage-2019C-MedicareHealthPlanBenefits.php?state=CT&source=2019MAFinder&ZIP=&countyCode=9003&contractId=H3528&planId=011&segmentId=1&plan=ConnectiCare%20Flex%20Plan%203%20(HMO-POS)%20-%20H3528-011-1&utm_source=partd&utm_medium=mafinder&utm_campaign=planname"
"H3528",11,2,2019,4,66,300,1,6700,10000,0,0,465,4,0,NA,NA,1,0.5,0,20,NA,NA,0.5,50,50,NA,NA,0.5,90,50,50,325,NA,325,325,NA,50,NA,0.5,50,NA,NA,0.5,2,10,42,95,NA,0.27,NA,0,0,0,0,0,0,0,0,0,0,0,0,0,1,0,0,0,0,0,NA,NA,NA,NA,NA,"https://q1medicare.com/MedicareAdvantage-2019C-MedicareHealthPlanBenefits.php?state=CT&source=2019MAFinder&ZIP=&countyCode=9015&contractId=H3528&planId=011&segmentId=2&plan=ConnectiCare%20Flex%20Plan%203%20(HMO-POS)%20-%20H3528-011-2&utm_source=partd&utm_medium=mafinder&utm_campaign=planname"
"H3528",12,1,2019,4,120,300,1,6000,10000,0,0,375,4,0,NA,NA,1,0.3,0,15,50,50,NA,35,35,50,50,NA,90,35,35,300,NA,300,300,NA,35,50,NA,35,50,50,NA,2,10,42,95,NA,0.27,NA,0,0,0,0,0,0,0,0,0,0,0,0,0,1,0,0,0,0,0,NA,NA,NA,NA,NA,"https://q1medicare.com/MedicareAdvantage-2019C-MedicareHealthPlanBenefits.php?state=CT&source=2019MAFinder&ZIP=&countyCode=9003&contractId=H3528&planId=012&segmentId=1&plan=ConnectiCare%20Flex%20Plan%202%20(HMO-POS)%20-%20H3528-012-1&utm_source=partd&utm_medium=mafinder&utm_campaign=planname"
"H3528",13,1,2019,4,186,300,1,3400,NA,0,0,345,5,0,345,5,0,NA,0,10,0,10,NA,30,30,30,30,NA,90,30,30,200,NA,200,200,NA,30,30,NA,30,30,30,NA,2,10,42,95,NA,0.27,NA,0,0,0,0,0,0,0,0,0,0,0,0,0,1,0,0,0,0,0,NA,NA,NA,NA,NA,"https://q1medicare.com/MedicareAdvantage-2019C-MedicareHealthPlanBenefits.php?state=CT&source=2019MAFinder&ZIP=&countyCode=9013&contractId=H3528&planId=013&segmentId=1&plan=ConnectiCare%20Choice%20Plan%201%20(HMO)%20-%20H3528-013-1&utm_source=partd&utm_medium=mafinder&utm_campaign=enrollbutton"
"H3528",13,2,2019,4,172,300,1,3400,NA,0,0,345,5,0,345,5,0,NA,0,10,0,10,NA,30,30,30,30,NA,90,30,30,200,NA,200,200,NA,30,30,NA,30,30,30,NA,2,10,42,95,NA,0.27,NA,0,0,0,0,0,0,0,0,0,0,0,0,0,1,0,0,0,0,0,NA,NA,NA,NA,NA,"https://q1medicare.com/MedicareAdvantage-2019C-MedicareHealthPlanBenefits.php?state=CT&source=2019MAFinder&ZIP=&countyCode=9011&contractId=H3528&planId=013&segmentId=2&plan=ConnectiCare%20Choice%20Plan%201%20(HMO)%20-%20H3528-013-2&utm_source=partd&utm_medium=mafinder&utm_campaign=planname"
"H5854",9,0,2019,3.5,34,380,1,6700,NA,0,0,440,4,0,440,4,0,NA,20,20,20,20,NA,50,50,50,50,NA,90,65,65,300,NA,300,300,NA,0,0,NA,50,50,50,NA,12,15,42,95,NA,0.25,NA,0,0,0,0,0,0,0,0,0,0,0,0,0,1,0,0,1,0,0,NA,NA,NA,NA,NA,"https://q1medicare.com/MedicareAdvantage-2019C-MedicareHealthPlanBenefits.php?state=CT&source=2019MAFinder&ZIP=&countyCode=9015&contractId=H5854&planId=009&segmentId=0&plan=Anthem%20MediBlue%20Plus%20(HMO)%20-%20H5854-009-0&utm_source=partd&utm_medium=mafinder&utm_campaign=planname"
"H5854",10,0,2019,3.5,0,275,1,6700,NA,0,0,360,5,0,360,5,0,NA,10,10,10,10,NA,45,45,45,45,NA,90,50,50,300,NA,300,300,NA,0,0,NA,45,45,45,NA,0,14,41,95,NA,0.27,236,2,0,0,0,0,0,0,0,0,0,0,0,0,1,0,0,1,0,0,NA,NA,NA,NA,NA,"https://q1medicare.com/MedicareAdvantage-2019C-MedicareHealthPlanBenefits.php?state=CT&source=2019MAFinder&ZIP=&countyCode=9015&contractId=H5854&planId=010&segmentId=0&plan=Anthem%20MediBlue%20Select%20(HMO)%20-%20H5854-010-0&utm_source=partd&utm_medium=mafinder&utm_campaign=planname"
"H5854",11,0,2019,3.5,36.2,415,1,6700,NA,0,0,300,5,0,300,5,0,NA,5,5,5,5,NA,40,40,40,40,NA,90,65,65,300,NA,300,300,NA,0,0,NA,40,40,40,NA,0,10,47,95,NA,0.25,68,3,0,0,0,0,0,0,0,0,0,0,0,0,1,0,0,1,0,0,NA,NA,NA,NA,NA,"https://q1medicare.com/MedicareAdvantage-2019C-MedicareHealthPlanBenefits.php?state=CT&source=2019MAFinder&ZIP=&countyCode=9011&contractId=H5854&planId=011&segmentId=0&plan=Anthem%20MediBlue%20Extra%20(HMO)%20-%20H5854-011-0&utm_source=partd&utm_medium=mafinder&utm_campaign=planname"
"H3528",12,2,2019,4,140,300,1,6000,10000,0,0,375,4,0,NA,NA,1,0.3,0,15,50,50,NA,35,35,50,50,NA,90,35,35,300,NA,300,300,NA,35,50,NA,35,50,50,NA,2,10,42,95,NA,0.27,NA,0,0,0,0,0,0,0,0,0,0,0,0,0,1,0,0,0,0,0,NA,NA,NA,NA,NA,"https://q1medicare.com/MedicareAdvantage-2019CHealthPlanBenefitsPlainText.php?state=CT&source=2019MAFinder&ZIP=&countyCode=9011&contractId=H3528&planId=012&segmentId=2&plan=ConnectiCare%20Flex%20Plan%202%20(HMO-POS)%20-%20H3528-012-2&utm_source=partd&utm_medium=mafinder&utm_campaign=plaintexticon"
"H3442",1,0,2020,NA,0,0,1,6700,6700,1000,1000,750,90,1,NA,NA,1,0.3,0,0,20,20,NA,40,40,50,50,NA,90,30,40,260,NA,260,260,NA,0,50,NA,0,50,50,NA,0,0,47,100,NA,0.33,200,4,5,0,0,0,0,0,0,0,0,0,0,0,1,0,0,1,0,0,0,0,0,0,0,"https://q1medicare.com/MedicareAdvantage-2020C-MedicareHealthPlanBenefits.php?source=2020MAStarDetails&countyCode=9001&state=CT&contractId=H3442&planId=001&plan=AARP%20Medicare%20Advantage%20Walgreens%20(PPO)%20-%20H3442-001-0&utm_source=partd&utm_medium=MAStarDetails&utm_campaign=planname"
"H3528",3,0,2020,4.5,0,NA,0,6000,NA,0,0,295,6,0,295,6,0,NA,0,0,0,0,NA,10,10,10,10,NA,90,10,10,50,NA,50,50,NA,10,10,NA,10,10,10,NA,NA,NA,NA,NA,NA,NA,NA,3,0,0,0,0,0,0,0,0,0,0,0,0,1,0,0,1,0,0,0,0,0,0,0,"https://q1medicare.com/MedicareAdvantage-2020C-MedicareHealthPlanBenefits.php?state=CT&source=2020MAFinder&ZIP=&countyCode=9011&contractId=H3528&planId=003&segmentId=0&plan=ConnectiCare%20Choice%20Plan%202%20(HMO)%20-%20H3528-003-0&utm_source=partd&utm_medium=mafinder&utm_campaign=detailsicon"
"H3528",6,0,2020,4.5,240,300,1,5300,10000,0,0,285,6,0,450,6,1,NA,0,15,40,40,NA,30,30,40,40,NA,90,30,30,200,NA,200,200,NA,30,NA,NA,30,40,40,NA,2,10,42,95,NA,0.27,NA,0,0,0,0,0,0,0,0,0,0,0,0,0,1,0,0,1,0,0,0,0,0,0,0,"https://q1medicare.com/MedicareAdvantage-2020C-MedicareHealthPlanBenefits.php?state=CT&source=2020MAFinder&ZIP=&countyCode=9011&contractId=H3528&planId=006&segmentId=0&plan=ConnectiCare%20Flex%20Plan%201%20(HMO-POS)%20-%20H3528-006-0&utm_source=partd&utm_medium=mafinder&utm_campaign=planname"
"H3528",10,0,2020,4.5,0,275,1,6700,NA,0,0,490,4,0,490,4,0,NA,0,20,0,20,NA,50,50,50,50,NA,90,50,50,325,NA,325,325,NA,45,45,NA,50,50,50,NA,2,10,42,95,NA,0.28,NA,3,0,0,0,0,0,0,0,0,0,0,0,0,1,0,0,1,0,0,0,0,0,0,0,"https://q1medicare.com/MedicareAdvantage-2020C-MedicareHealthPlanBenefits.php?state=CT&source=2020MAFinder&ZIP=&countyCode=9011&contractId=H3528&planId=010&segmentId=0&plan=ConnectiCare%20Passage%20Plan%201%20(HMO)%20-%20H3528-010-0&utm_source=partd&utm_medium=mafinder&utm_campaign=planname"
"H3528",14,0,2020,4.5,0,435,1,6700,NA,250,NA,479,3,0,479,3,0,NA,0,0,0,0,NA,45,45,40,40,NA,90,45,45,385,NA,385,385,NA,45,45,NA,45,45,45,NA,2,10,42,95,NA,0.25,NA,3,0,0,0,0,0,0,0,0,0,0,0,0,1,0,0,1,0,0,0,0,0,0,0,"https://q1medicare.com/MedicareAdvantage-2020C-MedicareHealthPlanBenefits.php?state=CT&source=2020MAFinder&ZIP=&countyCode=9013&contractId=H3528&planId=014&segmentId=0&plan=ConnectiCare%20Choice%20Plan%203%20(HMO)%20-%20H3528-014-0&utm_source=partd&utm_medium=mafinder&utm_campaign=planname"
"H3528",15,0,2020,4.5,133,300,1,6000,10000,0,0,375,4,0,NA,NA,1,0.3,0,15,50,50,NA,35,35,50,50,NA,90,35,35,0,NA,0,0,NA,35,NA,NA,35,50,50,NA,2,10,42,95,NA,0.27,NA,0,0,0,0,0,0,0,0,0,0,0,0,0,1,0,0,1,0,0,0,0,0,0,0,"https://q1medicare.com/MedicareAdvantage-2020C-MedicareHealthPlanBenefits.php?state=CT&source=2020MAFinder&ZIP=&countyCode=9013&contractId=H3528&planId=015&segmentId=0&plan=ConnectiCare%20Flex%20Plan%202%20(HMO-POS)%20-%20H3528-015-0&utm_source=partd&utm_medium=mafinder&utm_campaign=planname"
"H3528",16,0,2020,4.5,182,300,1,3400,NA,0,0,345,5,0,345,5,0,NA,0,10,0,10,NA,30,30,30,30,NA,90,30,30,200,NA,200,200,NA,30,30,NA,30,30,30,NA,2,10,42,95,NA,0.27,NA,0,0,0,0,0,0,0,0,0,0,0,0,0,1,0,0,1,0,0,0,0,0,0,0,"https://q1medicare.com/MedicareAdvantage-2020C-MedicareHealthPlanBenefits.php?state=CT&source=2020MAFinder&ZIP=&countyCode=9013&contractId=H3528&planId=016&segmentId=0&plan=ConnectiCare%20Choice%20Plan%201%20(HMO)%20-%20H3528-016-0&utm_source=partd&utm_medium=mafinder&utm_campaign=planname"
"H0712",19,0,2020,3.5,0,0,1,5000,NA,175,NA,475,4,0,475,4,0,NA,0,0,0,0,NA,45,45,45,45,NA,90,25,25,300,NA,300,300,NA,0,0,NA,45,45,45,NA,3,10,47,NA,0.48,0.33,240,4,6,0,0,1,0,0,0,0,0,0,0,0,1,0,0,1,0,0,0,0,0,0,0,"https://q1medicare.com/MedicareAdvantage-2020C-MedicareHealthPlanBenefits.php?source=2020MAStarDetails&countyCode=9001&state=CT&contractId=H0712&planId=019&plan=WellCare%20Value%20(HMO)%20-%20H0712-019-0&utm_source=partd&utm_medium=MAStarDetails&utm_campaign=planname"
"H0712",20,0,2020,3.5,10.5,435,1,5000,5000,0,0,375,5,0,NA,NA,1,0.3,0,0,NA,NA,0.3,35,35,NA,NA,0.3,90,25,25,250,NA,NA,NA,0.3,0,NA,NA,35,NA,NA,0.3,6,19,47,NA,0.5,0.25,420,4,6,0,0,1,0,0,0,0,0,0,0,0,1,0,0,1,0,0,0,0,0,0,0,"https://q1medicare.com/MedicareAdvantage-2020C-MedicareHealthPlanBenefits.php?state=CT&source=2020MAFinder&ZIP=&countyCode=9003&contractId=H0712&planId=020&segmentId=0&plan=WellCare%20Compass%20(HMO-POS)%20-%20H0712-020-0&utm_source=partd&utm_medium=mafinder&utm_campaign=planname"
"H0755",30,0,2020,4,99,100,1,4700,NA,0,0,345,5,1,345,5,1,NA,5,5,5,5,NA,30,30,30,30,NA,90,25,35,240,NA,240,240,NA,0,0,NA,0,0,0,NA,3,12,47,100,NA,0.31,240,4,0,0,0,0,0,0,0,0,0,0,0,0,1,0,0,1,0,0,0,0,0,0,0,"https://q1medicare.com/MedicareAdvantage-2020C-MedicareHealthPlanBenefits.php?state=CT&source=2020MAFinder&ZIP=&countyCode=9003&contractId=H0755&planId=030&segmentId=0&plan=UnitedHealthcare%20Medicare%20Advantage%20Plan%201%20(HMO)%20-%20H0755-030-0&utm_source=partd&utm_medium=mafinder&utm_campaign=planname"
"H0755",31,0,2020,4,29,150,1,6000,NA,0,0,395,4,1,395,4,1,NA,10,10,10,10,NA,40,40,40,40,NA,90,25,35,260,NA,260,260,NA,0,0,NA,0,0,0,NA,3,12,47,100,NA,0.3,200,4,0,0,0,0,0,0,0,0,0,0,0,0,1,0,0,1,0,0,0,0,0,0,0,"https://q1medicare.com/MedicareAdvantage-2020C-MedicareHealthPlanBenefits.php?source=2020MABrowseFormulary&countyCode=9001&state=CT&contractId=H0755&planId=031&plan=UnitedHealthcare%20Medicare%20Advantage%20Plan%202%20(HMO)&utm_source=partd&utm_medium=formularybrowser&utm_campaign=enrollbutton"
"H0755",32,0,2020,4,0,NA,0,6000,NA,0,0,395,4,1,395,4,1,NA,5,5,5,5,NA,35,35,35,35,NA,90,25,35,250,NA,250,250,NA,0,0,NA,0,0,0,NA,NA,NA,NA,NA,NA,NA,NA,4,0,0,0,0,0,0,0,0,0,0,0,0,1,0,0,1,0,0,0,0,0,0,0,"https://q1medicare.com/MedicareAdvantage-2020C-MedicareHealthPlanBenefits.php?state=CT&source=2020MAFinder&ZIP=&countyCode=9011&contractId=H0755&planId=032&segmentId=0&plan=UnitedHealthcare%20Medicare%20Advantage%20Essential%20(HMO)%20-%20H0755-032-0&utm_source=partd&utm_medium=mafinder&utm_campaign=planname"
"H0755",33,0,2020,4,0,175,1,6700,NA,0,0,450,4,1,450,4,1,NA,15,15,15,15,NA,45,45,45,45,NA,90,25,35,240,NA,240,240,NA,0,0,NA,0,0,0,NA,3,12,47,100,NA,0.29,160,0,0,0,0,0,0,0,0,0,0,0,0,0,1,0,0,1,0,0,0,0,0,0,0,"https://q1medicare.com/MedicareAdvantage-2020C-MedicareHealthPlanBenefits.php?source=2020MAStarDetails&countyCode=9001&state=CT&contractId=H0755&planId=033&plan=UnitedHealthcare%20Medicare%20Advantage%20Plan%203%20(HMO)%20-%20H0755-033-0&utm_source=partd&utm_medium=MAStarDetails&utm_campaign=planname"
"H1914",1,0,2020,NA,0,0,1,5000,5000,0,0,325,5,0,NA,90,0,0.3,0,0,20,20,NA,40,40,50,50,NA,90,40,40,250,NA,250,250,NA,0,NA,0.3,40,50,50,NA,0,15,47,NA,0.45,0.33,240,4,6,0,0,1,0,0,0,0,0,0,0,0,1,0,0,1,0,0,0,0,0,0,0,"https://q1medicare.com/MedicareAdvantage-2020C-MedicareHealthPlanBenefits.php?state=CT&source=2020MAFinder&ZIP=&countyCode=9013&contractId=H1914&planId=001&segmentId=0&plan=WellCare%20Premier%20(PPO)%20-%20H1914-001-0&utm_source=partd&utm_medium=mafinder&utm_campaign=planname"
"H3528",11,2,2020,4.5,69,300,1,5500,10000,0,0,465,4,0,NA,NA,1,0.5,0,5,NA,NA,0.5,50,50,NA,NA,0.5,90,50,50,325,NA,325,325,NA,50,NA,NA,50,NA,NA,0.5,2,10,42,95,NA,0.27,NA,3,0,0,0,0,0,0,0,0,0,0,0,0,1,0,0,1,0,0,0,0,0,0,0,"https://q1medicare.com/MedicareAdvantage-2020C-MedicareHealthPlanBenefits.php?state=CT&source=2020MAFinder&ZIP=&countyCode=9011&contractId=H3528&planId=011&segmentId=2&plan=ConnectiCare%20Flex%20Plan%203%20(HMO-POS)%20-%20H3528-011-2&utm_source=partd&utm_medium=mafinder&utm_campaign=planname"
"H5273",1,0,2020,NA,0,0,1,6700,NA,0,0,475,4,0,475,4,0,NA,0,0,0,0,NA,45,45,45,45,NA,90,0,45,300,NA,300,300,NA,15,15,NA,45,45,45,NA,0,10,47,100,NA,0.33,NA,3,7,1,1,0,1,0,0,1,1,0,1,0,1,0,0,0,1,0,0,0,0,0,0,"https://q1medicare.com/MedicareAdvantage-2020C-MedicareHealthPlanBenefits.php?state=CT&source=2020MAFinder&ZIP=&countyCode=9003&contractId=H5273&planId=001&segmentId=0&plan=CarePartners%20of%20CT%20CareAdvantage%20Preferred%20(HMO)%20-%20H5273-001-0&utm_source=partd&utm_medium=mafinder&utm_campaign=planname"
"H5273",2,0,2020,NA,29,0,1,4900,NA,0,0,375,4,0,375,4,0,NA,0,0,0,0,NA,40,40,40,40,NA,90,0,40,250,NA,250,250,NA,15,15,NA,40,40,40,NA,0,10,47,100,NA,0.33,160,4,2,0,1,0,1,0,0,1,1,0,0,0,1,0,0,0,1,0,0,0,0,0,0,"https://q1medicare.com/MedicareAdvantage-2020C-MedicareHealthPlanBenefits.php?state=CT&source=2020MAFinder&ZIP=&countyCode=9013&contractId=H5273&planId=002&segmentId=0&plan=CarePartners%20of%20CT%20CareAdvantage%20Prime%20(HMO)%20-%20H5273-002-0&utm_source=partd&utm_medium=mafinder&utm_campaign=detailsicon"
"H5273",3,0,2020,NA,89,0,1,3700,NA,0,0,250,5,0,250,5,0,NA,0,0,0,0,NA,30,30,30,30,NA,90,0,30,200,NA,200,200,NA,15,15,NA,30,30,30,NA,0,10,47,100,NA,0.33,160,4,2,0,1,0,1,0,0,1,1,0,0,0,1,0,0,0,1,0,0,0,0,0,0,"https://q1medicare.com/MedicareAdvantage-2020C-MedicareHealthPlanBenefits.php?state=CT&source=2020MAFinder&ZIP=&countyCode=9003&contractId=H5273&planId=003&segmentId=0&plan=CarePartners%20of%20CT%20CareAdvantage%20Premier%20(HMO)%20-%20H5273-003-0&utm_source=partd&utm_medium=mafinder&utm_campaign=planname"
"H5521",13,0,2020,4.5,88,250,1,6700,6700,0,0,310,6,0,NA,NA,1,0.4,10,10,NA,NA,0.4,40,40,NA,NA,0.4,90,10,40,275,NA,275,275,NA,0,NA,0.4,40,NA,NA,0.4,0,5,47,100,NA,0.28,200,4,7,1,0,0,0,0,0,0,0,0,0,1,1,0,0,1,0,0,0,0,0,0,0,"https://q1medicare.com/MedicareAdvantage-2020C-MedicareHealthPlanBenefits.php?source=2020MAStarDetails&countyCode=9001&state=CT&contractId=H5521&planId=013&plan=Aetna%20Medicare%20Explorer%20Premier%20Plan%20(PPO)%20-%20H5521-013-0&utm_source=partd&utm_medium=MAStarDetails&utm_campaign=planname"
"H5793",1,0,2020,4,78,0,1,6700,NA,0,0,450,4,0,450,4,0,NA,20,20,20,20,NA,45,45,45,45,NA,90,20,45,315,NA,315,315,NA,0,0,NA,45,45,45,NA,2,5,47,100,NA,0.33,200,4,7,1,0,0,0,0,0,0,0,0,0,1,1,0,0,1,0,0,0,0,0,0,0,"https://q1medicare.com/MedicareAdvantage-2020C-MedicareHealthPlanBenefits.php?state=CT&source=2020MAFinder&ZIP=&countyCode=9011&contractId=H5793&planId=001&segmentId=0&plan=Aetna%20Medicare%20Value%20Plan%20(HMO)%20-%20H5793-001-0&utm_source=partd&utm_medium=mafinder&utm_campaign=planname"
"H5793",10,0,2020,4,0,0,1,6700,NA,1000,NA,795,NA,1,795,1,0,NA,15,15,15,15,NA,45,45,45,45,NA,90,15,45,295,NA,295,295,NA,0,0,NA,45,45,45,NA,2,5,47,100,NA,0.33,200,4,7,1,0,0,0,0,0,0,0,0,0,1,1,0,0,1,0,0,0,0,0,0,0,"https://q1medicare.com/MedicareAdvantage-2020C-MedicareHealthPlanBenefits.php?state=CT&source=2020MAFinder&ZIP=&countyCode=9011&contractId=H5793&planId=010&segmentId=0&plan=Aetna%20Medicare%20Elite%20Plan%20(HMO)%20-%20H5793-010-0&utm_source=partd&utm_medium=mafinder&utm_campaign=planname"
"H5793",12,0,2020,4,0,0,1,6700,NA,1000,NA,795,NA,1,795,1,0,NA,0,0,0,0,NA,40,40,40,40,NA,90,0,40,295,NA,295,295,NA,0,0,NA,40,40,40,NA,0,0,47,100,NA,0.33,200,4,7,1,0,0,0,0,0,0,0,0,0,1,1,0,0,1,0,0,0,0,0,0,0,"https://q1medicare.com/MedicareAdvantage-2020C-MedicareHealthPlanBenefits.php?state=CT&source=2020MAFinder&ZIP=&countyCode=9011&contractId=H5793&planId=012&segmentId=0&plan=Aetna%20Medicare%20Prime%20PCP%20Elite%20Plan%20(HMO)%20-%20H5793-012-0&utm_source=partd&utm_medium=mafinder&utm_campaign=planname"
"H5854",7,0,2020,4,25,435,1,6700,NA,0,0,430,4,0,430,4,0,NA,20,20,20,20,NA,50,50,50,50,NA,90,65,65,330,NA,330,330,NA,0,0,NA,50,50,50,NA,10,15,41,95,NA,0.25,NA,0,0,0,0,0,0,0,0,0,0,0,0,0,1,0,0,1,0,0,0,0,0,0,0,"https://q1medicare.com/MedicareAdvantage-2020C-MedicareHealthPlanBenefits.php?state=CT&source=2020MAFinder&ZIP=&countyCode=9003&contractId=H5854&planId=007&segmentId=0&plan=Anthem%20MediBlue%20Plus%20(HMO)%20-%20H5854-007-0&utm_source=partd&utm_medium=mafinder&utm_campaign=planname"
"H5854",9,0,2020,4,35,380,1,6700,NA,0,0,440,4,0,440,4,0,NA,20,20,20,20,NA,50,50,50,50,NA,90,65,65,325,NA,325,325,NA,0,0,NA,50,50,50,NA,12,15,42,95,NA,0.26,NA,0,0,0,0,0,0,0,0,0,0,0,0,0,1,0,0,1,0,0,0,0,0,0,0,"https://q1medicare.com/MedicareAdvantage-2020C-MedicareHealthPlanBenefits.php?state=CT&source=2020MAFinder&ZIP=&countyCode=9005&contractId=H5854&planId=009&segmentId=0&plan=Anthem%20MediBlue%20Plus%20(HMO)%20-%20H5854-009-0&utm_source=partd&utm_medium=mafinder&utm_campaign=enrollbutton"
"H5854",10,0,2020,4,0,275,1,6700,NA,0,0,385,5,0,385,5,0,NA,5,5,5,5,NA,45,45,45,45,NA,90,50,50,325,NA,325,325,NA,0,0,NA,45,45,45,NA,0,14,41,95,NA,0.28,120,2,0,0,0,0,0,0,0,0,0,0,0,0,1,0,0,1,0,0,0,0,0,0,0,"https://q1medicare.com/MedicareAdvantage-2020C-MedicareHealthPlanBenefits.php?state=CT&source=2020MAFinder&ZIP=&countyCode=9003&contractId=H5854&planId=010&segmentId=0&plan=Anthem%20MediBlue%20Select%20(HMO)%20-%20H5854-010-0&utm_source=partd&utm_medium=mafinder&utm_campaign=planname"
"H5854",11,0,2020,4,21.2,435,1,6700,NA,0,0,400,4,0,400,4,0,NA,5,5,5,5,NA,40,40,40,40,NA,90,65,65,300,NA,300,300,NA,0,0,NA,40,40,40,NA,0,8,47,95,NA,0.25,240,3,0,0,0,0,0,0,0,0,0,0,0,0,1,0,0,1,0,0,0,0,0,0,0,"https://q1medicare.com/MedicareAdvantage-2020C-MedicareHealthPlanBenefits.php?state=CT&source=2020MAFinder&ZIP=&countyCode=9013&contractId=H5854&planId=011&segmentId=0&plan=Anthem%20MediBlue%20Extra%20(HMO)%20-%20H5854-011-0&utm_source=partd&utm_medium=mafinder&utm_campaign=planname"
"H1914",2,0,2021,NA,0,0,1,6500,10000,250,250,290,6,0,NA,90,0,0.2,0,0,50,50,NA,40,40,50,50,NA,90,40,40,220,NA,220,220,NA,0,NA,0.4,40,50,50,NA,0,15,47,NA,0.45,0.33,160,4,5,0,0,0,0,0,0,0,0,0,0,0,1,0,0,1,0,0,0,0,0,0,0,"https://q1medicare.com/MedicareAdvantage-2021C-MedicareHealthPlanBenefits.php?state=CT&source=2021MAFinder&ZIP=&countyCode=9015&contractId=H1914&planId=002&segmentId=0&plan=WellCare%20Absolute%20(PPO)%20-%20H1914-002-0&utm_source=partd&utm_medium=mafinder&utm_campaign=enrollbutton"
"H1914",3,0,2021,NA,0,0,1,6700,10000,0,0,450,4,0,NA,NA,1,0.2,0,0,0,0,NA,50,50,50,50,NA,90,25,25,280,NA,280,280,NA,NA,NA,NA,50,50,50,NA,0,10,35,NA,0.48,0.33,220,0,0,0,0,0,0,0,0,0,0,0,0,0,0,0,0,1,0,0,0,0,0,0,0,"https://q1medicare.com/MedicareAdvantage-2021C-MedicareHealthPlanBenefits.php?state=CT&source=2021MAFinder&ZIP=&countyCode=9003&contractId=H1914&planId=003&segmentId=0&plan=WellCare%20Endurance%20(PPO)%20-%20H1914-003-0&utm_source=partd&utm_medium=mafinder&utm_campaign=planname"
"H2836",5,0,2021,NA,25,95,1,7550,11300,1000,1000,325,6,0,NA,NA,1,0.4,5,5,35,35,NA,45,45,60,60,NA,90,30,30,295,NA,295,295,NA,0,0,NA,45,60,60,NA,4,13,42,95,NA,0.31,140,3,7,0,0,0,0,0,0,0,0,0,0,0,1,0,0,1,0,0,0,0,0,0,0,"https://q1medicare.com/MedicareAdvantage-2021C-MedicareHealthPlanBenefits.php?state=CT&source=2021MAFinder&ZIP=&countyCode=9003&contractId=H2836&planId=005&segmentId=0&plan=Anthem%20MediBlue%20Access%20Select%20(PPO)%20-%20H2836-005-0&utm_source=partd&utm_medium=mafinder&utm_campaign=planname"
"H3442",1,0,2021,NA,0,0,1,6700,10000,1000,1000,750,90,1,NA,NA,1,0.3,0,0,20,20,NA,35,35,55,55,NA,90,30,40,250,NA,250,250,NA,0,55,NA,0,55,55,NA,0,0,47,100,NA,0.33,200,4,7,0,0,0,0,0,0,0,0,0,0,0,1,0,0,1,0,0,0,0,0,0,0,"https://q1medicare.com/MedicareAdvantage-2021C-MedicareHealthPlanBenefits.php?state=CT&source=2021MAFinder&ZIP=&countyCode=9005&contractId=H3442&planId=001&segmentId=0&plan=AARP%20Medicare%20Advantage%20Walgreens%20(PPO)%20-%20H3442-001-0&utm_source=partd&utm_medium=mafinder&utm_campaign=planname"
"H3528",3,0,2021,4,0,NA,0,6000,NA,0,0,295,6,0,295,6,0,NA,0,0,0,0,NA,10,10,10,10,NA,90,10,10,50,NA,50,50,NA,10,0.1,NA,10,10,10,NA,NA,NA,NA,NA,NA,NA,NA,4,0,0,0,0,0,0,0,0,0,0,0,0,1,0,0,1,0,0,0,0,0,0,0,"https://q1medicare.com/MedicareAdvantage-2021C-MedicareHealthPlanBenefits.php?state=CT&source=2021MAFinder&ZIP=&countyCode=9015&contractId=H3528&planId=003&segmentId=0&plan=ConnectiCare%20Choice%20Plan%202%20(HMO)%20-%20H3528-003-0&utm_source=partd&utm_medium=mafinder&utm_campaign=enrollbutton"
"H3528",6,0,2021,4,241,300,1,5300,10000,0,0,285,6,0,450,6,1,NA,15,15,40,40,NA,30,30,40,40,NA,90,30,30,200,NA,200,200,NA,30,NA,NA,30,40,40,NA,2,10,42,95,NA,0.27,NA,0,0,0,0,0,0,0,0,0,0,0,0,0,1,0,0,1,0,0,0,0,0,0,0,"https://q1medicare.com/MedicareAdvantage-2021C-MedicareHealthPlanBenefits.php?state=CT&source=2021MAFinder&ZIP=&countyCode=9009&contractId=H3528&planId=006&segmentId=0&plan=ConnectiCare%20Flex%20Plan%201%20(HMO-POS)%20-%20H3528-006-0&utm_source=partd&utm_medium=mafinder&utm_campaign=planname"
"H3528",10,0,2021,4,0,275,1,7550,NA,0,0,490,4,0,490,4,0,NA,25,25,25,25,NA,50,50,50,50,NA,90,50,50,415,NA,415,415,NA,45,45,NA,50,50,50,NA,2,10,42,95,NA,0.28,NA,0,0,0,0,0,0,0,0,0,0,0,0,0,1,0,0,1,0,0,0,0,0,0,0,"https://q1medicare.com/MedicareAdvantage-2021C-MedicareHealthPlanBenefits.php?state=CT&source=2021MAFinder&ZIP=&countyCode=9003&contractId=H3528&planId=010&segmentId=0&plan=ConnectiCare%20Passage%20Plan%201%20(HMO)%20-%20H3528-010-0&utm_source=partd&utm_medium=mafinder&utm_campaign=planname"
"H3528",14,0,2021,4,0,445,1,7550,NA,0,0,490,3,0,490,3,0,NA,10,10,10,10,NA,45,45,45,45,NA,90,45,45,385,NA,385,385,NA,45,45,NA,45,45,45,NA,2,10,42,95,NA,0.25,NA,4,0,0,0,0,0,0,0,0,0,0,0,0,1,0,0,1,0,0,0,0,0,0,0,"https://q1medicare.com/MedicareAdvantage-2021C-MedicareHealthPlanBenefits.php?state=CT&source=2021MAFinder&ZIP=&countyCode=9015&contractId=H3528&planId=014&segmentId=0&plan=ConnectiCare%20Choice%20Plan%203%20(HMO)%20-%20H3528-014-0&utm_source=partd&utm_medium=mafinder&utm_campaign=planname"
"H0342",1,0,2021,NA,0,0,1,7550,7550,1000,1000,795,NA,1,NA,NA,1,0.3,0,0,20,20,NA,45,45,50,50,NA,90,45,45,325,NA,325,325,NA,0,NA,0.3,45,50,50,NA,0,0,47,100,NA,0.33,200,3,7,0,1,0,1,0,0,1,0,0,0,0,1,0,0,0,1,0,0,0,0,0,0,"https://q1medicare.com/MedicareAdvantage-2021C-MedicareHealthPlanBenefits.php?state=CT&source=2021MAFinder&ZIP=&countyCode=9015&contractId=H0342&planId=001&segmentId=0&plan=CarePartners%20Access%20(PPO)%20-%20H0342-001-0&utm_source=partd&utm_medium=mafinder&utm_campaign=enrollbutton"
"H0712",19,0,2021,3,0,0,1,5500,NA,175,NA,475,4,0,475,4,0,NA,0,0,0,0,NA,45,45,45,45,NA,90,25,25,260,NA,260,260,NA,0,0,NA,45,45,45,NA,1,6,47,NA,0.48,0.33,100,4,5,0,0,1,0,0,0,0,0,0,0,0,1,0,0,1,0,0,0,0,0,0,0,"https://q1medicare.com/MedicareAdvantage-2021C-MedicareHealthPlanBenefits.php?state=CT&source=2021MAFinder&ZIP=&countyCode=9013&contractId=H0712&planId=019&segmentId=0&plan=WellCare%20Value%20(HMO)%20-%20H0712-019-0&utm_source=partd&utm_medium=mafinder&utm_campaign=planname"
"H0712",20,0,2021,3,21.4,445,1,5500,NA,0,0,375,5,0,375,5,0,NA,0,0,0,0,NA,30,30,30,30,NA,90,25,25,250,NA,250,250,NA,0,0,NA,30,30,30,NA,0,20,47,NA,0.5,0.25,320,4,5,0,0,1,0,0,0,0,0,0,0,0,1,0,0,1,0,0,0,0,0,0,0,"https://q1medicare.com/MedicareAdvantage-2021C-MedicareHealthPlanBenefits.php?state=CT&source=2021MAFinder&ZIP=&countyCode=9005&contractId=H0712&planId=020&segmentId=0&plan=WellCare%20Compass%20(HMO)%20-%20H0712-020-0&utm_source=partd&utm_medium=mafinder&utm_campaign=planname"
"H0755",30,0,2021,4,94,100,1,4700,NA,0,0,345,5,1,345,5,1,NA,5,5,5,5,NA,30,30,30,30,NA,90,25,35,250,NA,250,250,NA,0,0,NA,0,0,0,NA,3,12,47,100,NA,0.31,240,4,0,0,0,0,0,0,0,0,0,0,0,0,1,0,0,1,0,0,0,0,0,0,0,"https://q1medicare.com/MedicareAdvantage-2021C-MedicareHealthPlanBenefits.php?state=CT&source=2021MAFinder&ZIP=&countyCode=9003&contractId=H0755&planId=030&segmentId=0&plan=UnitedHealthcare%20Medicare%20Advantage%20Plan%201%20(HMO)%20-%20H0755-030-0&utm_source=partd&utm_medium=mafinder&utm_campaign=planname"
"H0755",31,0,2021,4,29,150,1,6000,NA,0,0,395,4,1,395,4,1,NA,10,10,10,10,NA,40,40,40,40,NA,90,25,35,250,NA,250,250,NA,0,0,NA,0,0,0,NA,3,12,47,100,NA,0.3,200,4,0,0,0,0,0,0,0,0,0,0,0,0,1,0,0,1,0,0,0,0,0,0,0,"https://q1medicare.com/MedicareAdvantage-2021C-MedicareHealthPlanBenefits.php?state=CT&source=2021MAFinder&ZIP=&countyCode=9003&contractId=H0755&planId=031&segmentId=0&plan=UnitedHealthcare%20Medicare%20Advantage%20Plan%202%20(HMO)%20-%20H0755-031-0&utm_source=partd&utm_medium=mafinder&utm_campaign=planname"
"H0755",32,0,2021,4,0,NA,0,6000,NA,0,0,395,4,1,395,4,1,NA,5,5,5,5,NA,35,35,35,35,NA,90,25,35,250,NA,250,250,NA,0,0,NA,0,0,0,NA,NA,NA,NA,NA,NA,NA,200,4,0,0,0,0,0,0,0,0,0,0,0,0,1,0,0,1,0,0,0,0,0,0,0,"https://q1medicare.com/MedicareAdvantage-2021C-MedicareHealthPlanBenefits.php?state=CT&source=2021MAFinder&ZIP=&countyCode=9001&contractId=H0755&planId=032&segmentId=0&plan=UnitedHealthcare%20Medicare%20Advantage%20Patriot%20(HMO)%20-%20H0755-032-0&utm_source=partd&utm_medium=mafinder&utm_campaign=detailsicon"
"H0755",33,0,2021,4,0,175,1,6700,NA,0,0,450,4,1,450,4,1,NA,15,15,15,15,NA,45,45,45,45,NA,90,25,35,250,NA,250,250,NA,0,0,NA,0,0,0,NA,3,12,47,100,NA,0.3,160,0,0,0,0,0,0,0,0,0,0,0,0,0,1,0,0,1,0,0,0,0,0,0,0,"https://q1medicare.com/MedicareAdvantage-2021C-MedicareHealthPlanBenefits.php?state=CT&source=2021MAFinder&ZIP=&countyCode=9013&contractId=H0755&planId=033&segmentId=0&plan=UnitedHealthcare%20Medicare%20Advantage%20Plan%203%20(HMO)%20-%20H0755-033-0&utm_source=partd&utm_medium=mafinder&utm_campaign=planname"
"H1914",1,0,2021,NA,0,100,1,5000,5000,0,0,325,5,0,NA,90,0,0.3,0,0,20,20,NA,40,40,50,50,NA,90,40,40,250,NA,250,250,NA,0,NA,0.4,40,50,50,NA,0,8,47,NA,0.45,0.31,204,4,7,0,0,1,0,0,0,0,0,0,0,0,1,0,0,1,0,0,0,0,0,0,0,"https://q1medicare.com/MedicareAdvantage-2021C-MedicareHealthPlanBenefits.php?state=CT&source=2021MAFinder&ZIP=&countyCode=9005&contractId=H1914&planId=001&segmentId=0&plan=WellCare%20Premier%20(PPO)%20-%20H1914-001-0&utm_source=partd&utm_medium=mafinder&utm_campaign=planname"
"H3528",11,2,2021,4,69,300,1,5500,10000,0,0,465,4,0,NA,NA,1,0.5,5,5,NA,NA,0.5,50,50,NA,NA,0.5,90,50,50,325,NA,325,325,NA,50,NA,NA,50,NA,NA,0.5,2,10,42,95,NA,0.27,200,4,0,0,0,0,0,0,0,0,0,0,0,0,1,0,0,1,0,0,0,0,0,0,0,"https://q1medicare.com/MedicareAdvantage-2021C-MedicareHealthPlanBenefits.php?state=CT&source=2021MAFinder&ZIP=&countyCode=9009&contractId=H3528&planId=011&segmentId=2&plan=ConnectiCare%20Flex%20Plan%203%20(HMO-POS)%20-%20H3528-011-2&utm_source=partd&utm_medium=mafinder&utm_campaign=planname"
"H3528",15,0,2021,4,134,300,1,6000,10000,0,0,375,4,0,NA,NA,1,0.3,15,15,50,50,NA,35,35,50,50,NA,90,35,35,300,NA,300,300,NA,35,NA,NA,35,50,50,NA,2,10,42,95,NA,0.27,NA,0,0,0,0,0,0,0,0,0,0,0,0,0,1,0,0,1,0,0,0,0,0,0,0,"https://q1medicare.com/MedicareAdvantage-2021C-MedicareHealthPlanBenefits.php?state=CT&source=2021MAFinder&ZIP=&countyCode=9003&contractId=H3528&planId=015&segmentId=0&plan=ConnectiCare%20Flex%20Plan%202%20(HMO-POS)%20-%20H3528-015-0&utm_source=partd&utm_medium=mafinder&utm_campaign=planname"
"H3528",16,0,2021,4,183,300,1,3400,NA,0,0,345,5,0,345,5,0,NA,10,10,10,10,NA,30,30,30,30,NA,90,30,30,200,NA,200,200,NA,30,NA,NA,30,30,30,NA,2,10,42,95,NA,0.27,NA,0,0,0,0,0,0,0,0,0,0,0,0,0,1,0,0,1,0,0,0,0,0,0,0,"https://q1medicare.com/MedicareAdvantage-2021C-MedicareHealthPlanBenefits.php?state=CT&source=2021MAFinder&ZIP=&countyCode=9003&contractId=H3528&planId=016&segmentId=0&plan=ConnectiCare%20Choice%20Plan%201%20(HMO)%20-%20H3528-016-0&utm_source=partd&utm_medium=mafinder&utm_campaign=planname"
"H3528",17,0,2021,4,0,445,1,7550,7550,1000,NA,495,3,0,495,3,0,NA,25,25,25,25,NA,50,50,50,50,NA,90,50,50,395,NA,395,395,NA,10,10,NA,40,40,40,NA,2,10,42,95,NA,0.25,300,0,0,0,0,0,0,0,0,0,0,0,0,0,1,0,0,1,0,0,0,0,0,0,0,"https://q1medicare.com/MedicareAdvantage-2021C-MedicareHealthPlanBenefits.php?state=CT&source=2021MAFinder&ZIP=&countyCode=9015&contractId=H3528&planId=017&segmentId=0&plan=ConnectiCare%20Choice%20Part%20B%20Saver%20(HMO)%20-%20H3528-017-0&utm_source=partd&utm_medium=mafinder&utm_campaign=enrollbutton"
"H5273",1,0,2021,NA,0,0,1,7550,NA,0,0,475,4,0,475,4,0,NA,0,0,0,0,NA,45,45,45,45,NA,90,0,45,300,NA,300,300,NA,15,15,NA,45,45,45,NA,0,0,47,100,NA,0.33,100,3,7,1,1,0,1,0,0,1,1,0,1,0,1,0,0,0,1,0,0,0,0,0,0,"https://q1medicare.com/MedicareAdvantage-2021C-MedicareHealthPlanBenefits.php?state=CT&source=2021MAFinder&ZIP=&countyCode=9003&contractId=H5273&planId=001&segmentId=0&plan=CarePartners%20of%20CT%20CareAdvantage%20Preferred%20(HMO)%20-%20H5273-001-0&utm_source=partd&utm_medium=mafinder&utm_campaign=planname"
"H5273",2,0,2021,NA,30,0,1,5900,NA,0,0,375,4,0,375,4,0,NA,0,0,0,0,NA,40,40,40,40,NA,90,0,40,250,NA,250,250,NA,15,15,NA,40,40,40,NA,0,0,47,100,NA,0.33,160,4,2,0,1,0,1,0,0,1,1,0,0,0,1,0,0,0,1,0,0,0,0,0,0,"https://q1medicare.com/MedicareAdvantage-2021C-MedicareHealthPlanBenefits.php?state=CT&source=2021MAFinder&ZIP=&countyCode=9005&contractId=H5273&planId=002&segmentId=0&plan=CarePartners%20of%20CT%20CareAdvantage%20Prime%20(HMO)%20-%20H5273-002-0&utm_source=partd&utm_medium=mafinder&utm_campaign=planname"
"H5273",3,0,2021,NA,90,0,1,4700,NA,0,0,250,5,0,250,5,0,NA,0,0,0,0,NA,30,30,30,30,NA,90,0,30,200,NA,200,200,NA,15,15,NA,30,30,30,NA,0,0,47,100,NA,0.33,160,4,2,0,1,0,1,0,0,1,1,0,0,0,1,0,0,0,1,0,0,0,0,0,0,"https://q1medicare.com/MedicareAdvantage-2021C-MedicareHealthPlanBenefits.php?state=CT&source=2021MAFinder&ZIP=&countyCode=9005&contractId=H5273&planId=003&segmentId=0&plan=CarePartners%20of%20CT%20CareAdvantage%20Premier%20(HMO)%20-%20H5273-003-0&utm_source=partd&utm_medium=mafinder&utm_campaign=enrollbutton"
"H5521",13,0,2021,4,99,250,1,7550,7550,0,0,395,5,0,NA,NA,1,0.4,10,10,NA,NA,0.4,45,45,NA,NA,0.4,90,10,45,295,NA,295,295,NA,0,NA,0.4,45,NA,NA,0.4,0,5,47,100,NA,0.28,180,3,7,1,0,0,0,0,0,0,0,0,0,1,1,0,0,1,0,0,0,0,0,0,0,"https://q1medicare.com/MedicareAdvantage-2021C-MedicareHealthPlanBenefits.php?state=CT&source=2021MAFinder&ZIP=&countyCode=9003&contractId=H5521&planId=013&segmentId=0&plan=Aetna%20Medicare%20Explorer%20Premier%20Plan%20(PPO)%20-%20H5521-013-0&utm_source=partd&utm_medium=mafinder&utm_campaign=planname"
"H5793",1,0,2021,4,99,0,1,7550,NA,0,0,395,5,0,395,5,0,NA,15,15,15,15,NA,50,50,50,50,NA,90,15,50,315,NA,315,315,NA,0,0,NA,50,50,50,NA,2,5,47,100,NA,0.33,180,4,7,1,0,0,0,0,0,0,0,0,0,1,1,0,0,1,0,0,0,0,0,0,0,"https://q1medicare.com/MedicareAdvantage-2021C-MedicareHealthPlanBenefits.php?state=CT&source=2021MAFinder&ZIP=&countyCode=9005&contractId=H5793&planId=001&segmentId=0&plan=Aetna%20Medicare%20Value%20Plan%20(HMO)%20-%20H5793-001-0&utm_source=partd&utm_medium=mafinder&utm_campaign=detailsicon"
"H5793",10,0,2021,4,0,0,1,7550,NA,1000,NA,795,NA,1,795,NA,1,NA,15,15,15,15,NA,50,50,50,50,NA,90,15,50,295,NA,295,295,NA,0,0,NA,50,50,50,NA,2,5,47,100,NA,0.33,180,4,7,1,0,0,0,0,0,0,0,0,0,1,1,0,0,1,0,0,0,0,0,0,0,"https://q1medicare.com/MedicareAdvantage-2021C-MedicareHealthPlanBenefits.php?state=CT&source=2021MAFinder&ZIP=&countyCode=9005&contractId=H5793&planId=010&segmentId=0&plan=Aetna%20Medicare%20Elite%20Plan%20(HMO)%20-%20H5793-010-0&utm_source=partd&utm_medium=mafinder&utm_campaign=planname"
"H5793",12,0,2021,4,0,0,1,6700,NA,1000,NA,795,NA,1,795,NA,1,NA,0,0,0,0,NA,40,40,40,40,NA,90,0,40,295,NA,295,295,NA,0,0,NA,40,40,40,NA,0,5,47,100,NA,0.33,180,4,7,1,0,0,0,0,0,0,0,0,0,1,1,0,0,1,0,0,0,0,0,0,0,"https://q1medicare.com/MedicareAdvantage-2021C-MedicareHealthPlanBenefits.php?state=CT&source=2021MAFinder&ZIP=&countyCode=9005&contractId=H5793&planId=012&segmentId=0&plan=Aetna%20Medicare%20Prime%20PCP%20Elite%20Plan%20(HMO)%20-%20H5793-012-0&utm_source=partd&utm_medium=mafinder&utm_campaign=planname"
"H5854",7,0,2021,4,26,445,1,6700,NA,0,NA,430,4,0,430,4,0,NA,20,20,20,20,NA,50,50,50,50,NA,90,65,65,330,NA,330,330,NA,0,0,NA,50,50,50,NA,10,15,41,95,NA,0.25,NA,4,7,0,0,0,0,0,0,0,0,0,0,0,1,0,0,1,0,0,0,0,0,0,0,"https://q1medicare.com/MedicareAdvantage-2021C-MedicareHealthPlanBenefits.php?source=2021MABrowseFormulary&countyCode=9003&state=CT&contractId=H5854&planId=007&plan=Anthem%20MediBlue%20Plus%20(HMO)&utm_source=partd&utm_medium=formularybrowser&utm_campaign=enrollbutton"
"H5854",9,0,2021,4,36,380,1,6700,NA,0,0,440,4,0,440,4,0,NA,20,20,20,20,NA,50,50,50,50,NA,90,65,65,325,NA,325,325,NA,0,0,NA,50,50,50,NA,12,15,42,95,NA,0.26,NA,4,7,0,0,0,0,0,0,0,0,0,0,0,1,0,0,1,0,0,0,0,0,0,0,"https://q1medicare.com/MedicareAdvantage-2021C-MedicareHealthPlanBenefits.php?state=CT&source=2021MAFinder&ZIP=&countyCode=9001&contractId=H5854&planId=009&segmentId=0&plan=Anthem%20MediBlue%20Plus%20(HMO)%20-%20H5854-009-0&utm_source=partd&utm_medium=mafinder&utm_campaign=detailsicon"
"H5854",10,0,2021,4,0,275,1,6950,NA,0,0,385,5,0,385,5,0,NA,5,5,5,5,NA,45,45,45,45,NA,90,50,50,325,NA,325,325,NA,0,0,NA,45,45,45,NA,0,14,41,95,NA,0.28,140,4,7,0,0,0,0,0,0,0,0,0,0,0,1,0,0,1,0,0,0,0,0,0,0,"https://q1medicare.com/MedicareAdvantage-2021C-MedicareHealthPlanBenefits.php?state=CT&source=2021MAFinder&ZIP=&countyCode=9005&contractId=H5854&planId=010&segmentId=0&plan=Anthem%20MediBlue%20Select%20(HMO)%20-%20H5854-010-0&utm_source=partd&utm_medium=mafinder&utm_campaign=planname"
"H5854",11,0,2021,4,35.2,445,1,6700,NA,0,0,400,4,0,400,4,0,NA,5,5,5,5,NA,40,40,40,40,NA,90,65,65,300,NA,300,300,NA,0,0,NA,40,40,40,NA,0,8,47,95,NA,0.25,200,4,7,0,0,0,0,0,0,0,0,0,0,0,1,0,0,1,0,0,0,0,0,0,0,"https://q1medicare.com/MedicareAdvantage-2021C-MedicareHealthPlanBenefits.php?state=CT&source=2021MAFinder&ZIP=&countyCode=9003&contractId=H5854&planId=011&segmentId=0&plan=Anthem%20MediBlue%20Extra%20(HMO)%20-%20H5854-011-0&utm_source=partd&utm_medium=mafinder&utm_campaign=enrollbutton"
"H1914",4,0,2022,3,27.2,480,1,6700,6700,0,0,525,3,0,NA,90,0,0.2,0,0,0,0,NA,40,40,250,250,NA,90,40,40,250,NA,0,250,NA,0,NA,0.4,40,0,250,NA,0,17,43,NA,0.43,0.25,400,4,7,0,0,1,0,0,0,0,0,0,1,1,1,0,0,1,0,1,0,0,0,0,0,"https://q1medicare.com/MedicareAdvantage-2022C-MedicareHealthPlanBenefits.php?state=CT&source=2022MAFinder&ZIP=&countyCode=9007&contractId=H1914&planId=004&segmentId=0&plan=Wellcare%20Assist%20Open%20(PPO)%20-%20H1914-004-0&utm_source=partd&utm_medium=mafinder&utm_campaign=planname"
"H2752",1,0,2022,NA,0,0,1,6500,NA,0,0,475,4,0,475,4,0,NA,0,0,0,0,NA,40,40,0,40,NA,90,25,25,260,NA,260,260,NA,0,0,NA,25,25,25,NA,0,4,42,95,NA,0.33,180,4,6,1,0,0,0,0,0,0,0,0,0,0,1,0,0,1,0,0,0,0,0,0,0,"https://q1medicare.com/MedicareAdvantage-2022C-MedicareHealthPlanBenefits.php?state=CT&source=2022MAFinder&ZIP=&countyCode=9009&contractId=H2752&planId=001&segmentId=0&plan=Cigna%20Preferred%20Medicare%20(HMO)%20-%20H2752-001-0&utm_source=partd&utm_medium=mafinder&utm_campaign=detailsicon"
"H2836",5,0,2022,NA,0,95,1,7550,7550,750,750,325,6,0,NA,NA,1,0.4,5,5,35,35,NA,45,45,60,60,NA,90,30,30,295,NA,295,295,NA,0,0,NA,45,60,60,NA,4,13,42,95,NA,0.31,140,3,7,0,0,0,0,0,0,0,0,0,0,0,1,0,0,1,0,0,0,0,0,0,0,"https://q1medicare.com/MedicareAdvantage-2022C-MedicareHealthPlanBenefits.php?state=CT&source=2022MAFinder&ZIP=&countyCode=9009&contractId=H2836&planId=005&segmentId=0&plan=Anthem%20MediBlue%20Access%20Select%20(PPO)%20-%20H2836-005-0&utm_source=partd&utm_medium=mafinder&utm_campaign=planname"
"H3442",1,0,2022,3.5,0,0,1,6700,6700,1,1,750,90,1,NA,NA,1,0.3,0,0,20,20,NA,45,45,65,65,NA,90,40,40,270,NA,270,270,NA,0,65,NA,0,65,65,NA,0,0,47,100,NA,0.33,200,4,7,0,0,0,0,0,0,0,0,0,0,0,1,0,0,1,0,0,0,0,0,0,0,"https://q1medicare.com/MedicareAdvantage-2022C-MedicareHealthPlanBenefits.php?state=CT&source=2022MAFinder&ZIP=&countyCode=9007&contractId=H3442&planId=001&segmentId=0&plan=AARP%20Medicare%20Advantage%20Walgreens%20(PPO)%20-%20H3442-001-0&utm_source=partd&utm_medium=mafinder&utm_campaign=planname"
"H3528",3,0,2022,4,0,NA,0,6000,NA,0,0,295,6,0,295,6,0,NA,0,0,0,0,NA,10,10,10,10,NA,90,10,10,50,NA,50,50,NA,10,10,NA,10,10,10,NA,NA,NA,NA,NA,NA,NA,300,4,0,0,0,0,0,0,0,0,0,0,0,0,1,0,0,1,0,0,0,0,0,0,0,"https://q1medicare.com/MedicareAdvantage-2022C-MedicareHealthPlanBenefits.php?state=CT&source=2022MAFinder&ZIP=&countyCode=9007&contractId=H3528&planId=003&segmentId=0&plan=ConnectiCare%20Choice%20Plan%202%20(HMO)%20-%20H3528-003-0&utm_source=partd&utm_medium=mafinder&utm_campaign=enrollbutton"
"H3528",6,0,2022,4,242,300,1,5300,5300,0,0,285,6,0,450,6,1,NA,15,15,40,40,NA,30,30,40,40,NA,90,30,30,200,NA,200,200,NA,30,30,NA,30,40,40,NA,2,10,42,95,NA,0.27,NA,0,0,0,0,0,0,0,0,0,0,0,0,0,1,0,0,1,0,0,0,0,0,0,0,"https://q1medicare.com/MedicareAdvantage-2022C-MedicareHealthPlanBenefits.php?state=CT&source=2022MAFinder&ZIP=&countyCode=9007&contractId=H3528&planId=006&segmentId=0&plan=ConnectiCare%20Flex%20Plan%201%20(HMO-POS)%20-%20H3528-006-0&utm_source=partd&utm_medium=mafinder&utm_campaign=enrollbutton"
"H3528",10,0,2022,4,0,275,1,7550,NA,0,0,490,4,0,490,4,0,NA,15,15,15,15,NA,50,50,50,50,NA,90,50,50,415,NA,415,415,NA,45,45,NA,50,50,50,NA,2,10,42,95,NA,0.28,60,0,0,0,0,0,0,0,0,0,0,0,0,0,1,0,0,1,0,0,0,0,0,0,0,"https://q1medicare.com/MedicareAdvantage-2022C-MedicareHealthPlanBenefits.php?state=CT&source=2022MAFinder&ZIP=&countyCode=9007&contractId=H3528&planId=010&segmentId=0&plan=ConnectiCare%20Passage%20Plan%201%20(HMO)%20-%20H3528-010-0&utm_source=partd&utm_medium=mafinder&utm_campaign=planname"
"H3528",14,0,2022,4,0,445,1,7550,NA,395,NA,490,3,0,490,3,0,NA,10,10,10,10,NA,45,45,45,45,NA,90,45,45,385,NA,385,385,NA,45,45,NA,45,45,45,NA,2,10,42,95,NA,0.25,240,4,0,0,0,0,0,0,0,0,0,0,0,0,1,0,0,1,0,0,0,0,0,0,0,"https://q1medicare.com/MedicareAdvantage-2022C-MedicareHealthPlanBenefits.php?state=CT&source=2022MAFinder&ZIP=&countyCode=9009&contractId=H3528&planId=014&segmentId=0&plan=ConnectiCare%20Choice%20Plan%203%20(HMO)%20-%20H3528-014-0&utm_source=partd&utm_medium=mafinder&utm_campaign=enrollbutton"
"H3528",15,0,2022,4,135,300,1,6000,6000,0,0,375,4,0,NA,NA,1,0.3,15,15,50,50,NA,35,35,50,50,NA,90,35,35,300,NA,300,300,NA,35,NA,NA,35,50,50,NA,2,10,42,95,NA,0.27,NA,0,0,0,0,0,0,0,0,0,0,0,0,0,1,0,0,1,0,0,0,0,0,0,0,"https://q1medicare.com/MedicareAdvantage-2022C-MedicareHealthPlanBenefits.php?state=CT&source=2022MAFinder&ZIP=&countyCode=9005&contractId=H3528&planId=015&segmentId=0&plan=ConnectiCare%20Flex%20Plan%202%20(HMO-POS)%20-%20H3528-015-0&utm_source=partd&utm_medium=mafinder&utm_campaign=planname"
"H0342",1,0,2022,NA,0,0,1,4900,4900,1,1,795,NA,1,NA,NA,1,0.3,0,0,50,50,NA,45,45,50,50,NA,90,45,45,325,NA,325,325,NA,0,50,NA,45,50,50,NA,0,0,47,100,NA,0.33,200,3,7,0,1,0,1,0,0,1,0,0,0,0,1,0,0,0,1,0,0,0,0,0,0,"https://q1medicare.com/MedicareAdvantage-2022C-MedicareHealthPlanBenefits.php?state=CT&source=2022MAFinder&ZIP=&countyCode=9009&contractId=H0342&planId=001&segmentId=0&plan=CarePartners%20Access%20(PPO)%20-%20H0342-001-0&utm_source=partd&utm_medium=mafinder&utm_campaign=detailsicon"
"H0712",19,0,2022,3.5,0,0,1,7550,NA,175,NA,465,4,0,465,4,0,NA,0,0,0,0,NA,45,45,45,45,NA,90,25,25,300,NA,300,300,NA,0,0,NA,45,45,45,NA,0,1,37,NA,0.43,0.33,120,4,7,0,0,1,0,0,0,0,0,0,1,1,1,0,0,1,0,1,0,0,0,0,0,"https://q1medicare.com/MedicareAdvantage-2022C-MedicareHealthPlanBenefits.php?state=CT&source=2022MAFinder&ZIP=&countyCode=9007&contractId=H0712&planId=019&segmentId=0&plan=Wellcare%20No%20Premium%20(HMO)%20-%20H0712-019-0&utm_source=partd&utm_medium=mafinder&utm_campaign=planname"
"H0712",20,0,2022,3.5,24.1,480,1,5500,NA,0,0,375,5,0,375,5,0,NA,0,0,0,0,NA,30,30,30,30,NA,90,25,25,250,NA,250,250,NA,0,0,NA,30,30,30,NA,0,15,42,NA,0.48,0.25,400,4,7,0,0,1,0,0,0,0,0,0,1,1,1,0,0,1,0,1,0,0,0,0,0,"https://q1medicare.com/MedicareAdvantage-2022C-MedicareHealthPlanBenefits.php?state=CT&source=2022MAFinder&ZIP=&countyCode=9009&contractId=H0712&planId=020&segmentId=0&plan=Wellcare%20Assist%20(HMO)%20-%20H0712-020-0&utm_source=partd&utm_medium=mafinder&utm_campaign=planname"
"H0755",30,0,2022,4,91,0,1,4700,NA,0,0,345,5,1,345,5,1,NA,0,0,0,0,NA,30,30,30,30,NA,90,40,40,270,NA,270,270,NA,0,0,NA,0,0,0,NA,0,12,47,100,NA,0.33,240,4,0,0,0,0,0,0,0,0,0,0,0,0,1,0,0,1,0,0,0,0,0,0,0,"https://q1medicare.com/MedicareAdvantage-2022C-MedicareHealthPlanBenefits.php?state=CT&source=2022MAFinder&ZIP=&countyCode=9007&contractId=H0755&planId=030&segmentId=0&plan=UnitedHealthcare%20Medicare%20Advantage%20Plan%201%20(HMO)%20-%20H0755-030-0&utm_source=partd&utm_medium=mafinder&utm_campaign=planname"
"H0755",31,0,2022,4,29,150,1,6000,NA,0,0,395,4,1,395,4,1,NA,10,10,10,10,NA,40,40,40,40,NA,90,40,40,270,NA,270,270,NA,0,0,NA,0,0,0,NA,0,12,47,100,NA,0.3,200,4,0,0,0,0,0,0,0,0,0,0,0,0,1,0,0,1,0,0,0,0,0,0,0,"https://q1medicare.com/MedicareAdvantage-2022C-MedicareHealthPlanBenefits.php?state=CT&source=2022MAFinder&ZIP=&countyCode=9003&contractId=H0755&planId=031&segmentId=0&plan=UnitedHealthcare%20Medicare%20Advantage%20Plan%202%20(HMO)%20-%20H0755-031-0&utm_source=partd&utm_medium=mafinder&utm_campaign=planname"
"H0755",32,0,2022,4,0,NA,0,6000,NA,0,0,395,4,1,395,4,1,NA,0,0,0,0,NA,35,35,35,35,NA,90,40,40,250,NA,250,250,NA,0,0,NA,0,0,0,NA,NA,NA,NA,NA,NA,NA,200,4,0,0,0,0,0,0,0,0,0,0,0,0,1,0,0,1,0,0,0,0,0,0,0,"https://q1medicare.com/MedicareAdvantage-2022C-MedicareHealthPlanBenefits.php?state=CT&source=2022MAFinder&ZIP=&countyCode=9007&contractId=H0755&planId=032&segmentId=0&plan=UnitedHealthcare%20Medicare%20Advantage%20Patriot%20(HMO)%20-%20H0755-032-0&utm_source=partd&utm_medium=mafinder&utm_campaign=planname"
"H0755",33,0,2022,4,0,175,1,6700,NA,0,0,450,4,1,450,4,1,NA,15,15,15,15,NA,45,45,45,45,NA,90,40,40,265,NA,265,265,NA,0,0,NA,0,0,0,NA,3,12,47,100,NA,0.3,160,0,0,0,0,0,0,0,0,0,0,0,0,0,1,0,0,1,0,0,0,0,0,0,0,"https://q1medicare.com/MedicareAdvantage-2022C-MedicareHealthPlanBenefits.php?state=CT&source=2022MAFinder&ZIP=&countyCode=9007&contractId=H0755&planId=033&segmentId=0&plan=UnitedHealthcare%20Medicare%20Advantage%20Plan%203%20(HMO)%20-%20H0755-033-0&utm_source=partd&utm_medium=mafinder&utm_campaign=planname"
"H1914",1,0,2022,3,0,200,1,5500,5500,0,0,450,4,0,NA,90,0,0.2,0,0,20,20,NA,40,40,50,50,NA,90,40,40,250,NA,250,250,NA,0,NA,0.4,40,50,50,NA,0,1,37,NA,0.45,0.29,180,4,7,0,0,1,0,0,0,0,0,0,1,1,1,0,0,1,0,1,0,0,0,0,0,"https://q1medicare.com/MedicareAdvantage-2022C-MedicareHealthPlanBenefits.php?state=CT&countyCode=9003&countyName=Hartford&contractId=H1914&planId=001&segmentId=0&plan=Wellcare%20No%20Premium%20Open%20(PPO)"
"H1914",2,0,2022,3,0,395,1,7550,7550,225,225,465,4,0,NA,90,0,0.2,0,0,50,50,NA,40,40,50,50,NA,90,40,40,265,NA,265,265,NA,0,NA,0.4,40,50,50,NA,0,10,37,NA,0.48,0.26,140,4,2,0,0,0,0,0,0,0,0,0,1,1,1,0,0,1,0,1,0,0,0,0,0,"https://q1medicare.com/MedicareAdvantage-2022C-MedicareHealthPlanBenefits.php?state=CT&source=2022MAFinder&ZIP=&countyCode=9007&contractId=H1914&planId=002&segmentId=0&plan=Wellcare%20Giveback%20Open%20(PPO)%20-%20H1914-002-0&utm_source=partd&utm_medium=mafinder&utm_campaign=enrollbutton"
"H3528",11,1,2022,3.5,46,300,1,5500,10000,0,0,465,4,0,NA,NA,1,0.35,5,5,NA,NA,0.35,50,50,NA,NA,0.35,95,50,50,325,NA,325,325,NA,50,NA,NA,50,NA,NA,0.35,2,10,42,95,NA,0.27,200,4,0,0,0,0,0,0,0,0,0,0,0,0,1,0,0,1,0,0,0,0,0,0,0,"https://q1medicare.com/MedicareAdvantage-PartC-MedicareHealthPlanBenefits.php?source=2022MARxFinder&countyCode=9007&state=CT&contractId=H3528&planId=011&segmentId=1&plan=ConnectiCare%20Flex%20Plan%203%20(HMO-POS)&utm_source=partd&utm_medium=rxfinder&utm_campaign=planname"
"H3528",11,2,2022,4,70,300,1,5500,NA,0,0,465,4,0,NA,NA,1,0.5,5,5,NA,NA,0.5,50,50,NA,NA,0.5,90,50,50,325,NA,325,325,NA,50,NA,NA,50,NA,NA,0.5,2,10,42,95,NA,0.27,200,4,0,0,0,0,0,0,0,0,0,0,0,0,1,0,0,1,0,0,0,0,0,0,0,"https://q1medicare.com/MedicareAdvantage-2022C-MedicareHealthPlanBenefits.php?state=CT&source=2022MAFinder&ZIP=&countyCode=9009&contractId=H3528&planId=011&segmentId=2&plan=ConnectiCare%20Flex%20Plan%203%20(HMO-POS)%20-%20H3528-011-2&utm_source=partd&utm_medium=mafinder&utm_campaign=detailsicon"
"H3528",16,0,2022,4,184,300,1,3400,NA,0,0,345,5,0,345,5,0,NA,10,10,10,10,NA,30,30,30,30,NA,90,30,30,200,NA,200,200,NA,30,30,NA,30,30,30,NA,2,10,42,95,NA,0.27,NA,0,0,0,0,0,0,0,0,0,0,0,0,0,1,0,0,1,0,0,0,0,0,0,0,"https://q1medicare.com/MedicareAdvantage-2022C-MedicareHealthPlanBenefits.php?state=CT&source=2022MAFinder&ZIP=&countyCode=9009&contractId=H3528&planId=016&segmentId=0&plan=ConnectiCare%20Choice%20Plan%201%20(HMO)%20-%20H3528-016-0&utm_source=partd&utm_medium=mafinder&utm_campaign=enrollbutton"
"H3528",17,0,2022,4,0,445,1,7550,NA,1,1,495,3,0,495,3,0,NA,20,20,20,20,NA,45,45,45,45,NA,90,50,50,395,NA,395,395,NA,10,10,NA,40,40,40,NA,2,10,42,95,NA,0.25,240,0,0,0,0,0,0,0,0,0,0,0,0,0,1,0,0,1,0,0,0,0,0,0,0,"https://q1medicare.com/MedicareAdvantage-2022C-MedicareHealthPlanBenefits.php?state=CT&source=2022MAFinder&ZIP=&countyCode=9009&contractId=H3528&planId=017&segmentId=0&plan=ConnectiCare%20Choice%20Part%20B%20Saver%20(HMO)%20-%20H3528-017-0&utm_source=partd&utm_medium=mafinder&utm_campaign=enrollbutton"
"H5273",1,0,2022,4.5,0,0,1,4900,NA,0,0,475,4,0,475,4,0,NA,0,0,0,0,NA,45,45,45,45,NA,90,0,45,300,NA,300,300,NA,15,15,NA,45,45,45,NA,0,0,47,100,NA,0.33,100,3,7,1,1,0,1,0,0,1,1,0,1,0,1,0,0,0,1,0,0,0,0,0,0,"https://q1medicare.com/MedicareAdvantage-2022C-MedicareHealthPlanBenefits.php?state=CT&source=2022MAFinder&ZIP=&countyCode=9003&contractId=H5273&planId=001&segmentId=0&plan=CarePartners%20of%20CT%20CareAdvantage%20Preferred%20(HMO)%20-%20H5273-001-0&utm_source=partd&utm_medium=mafinder&utm_campaign=planname"
"H5273",2,0,2022,4.5,39,0,1,4900,NA,0,0,375,4,0,375,4,0,NA,0,0,0,0,NA,40,40,40,40,NA,90,0,40,250,NA,250,250,NA,15,15,NA,40,40,40,NA,0,0,47,100,NA,0.33,140,4,2,0,1,0,1,0,0,1,1,0,0,0,1,0,0,0,1,0,0,0,0,0,0,"https://q1medicare.com/MedicareAdvantage-2022C-MedicareHealthPlanBenefits.php?state=CT&source=2022MAFinder&ZIP=&countyCode=9003&contractId=H5273&planId=002&segmentId=0&plan=CarePartners%20of%20CT%20CareAdvantage%20Prime%20(HMO)%20-%20H5273-002-0&utm_source=partd&utm_medium=mafinder&utm_campaign=planname"
"H5521",13,0,2022,4.5,99,250,1,7550,7550,0,0,395,5,0,NA,NA,1,0.4,10,10,NA,NA,0.4,45,45,NA,NA,0.4,90,10,45,315,NA,315,315,NA,0,NA,0.4,45,NA,NA,0.4,0,0,47,100,NA,0.28,180,4,7,1,0,0,1,0,0,0,0,0,1,1,1,0,0,1,0,0,0,0,0,0,0,"https://q1medicare.com/MedicareAdvantage-2022C-MedicareHealthPlanBenefits.php?state=CT&source=2022MAFinder&ZIP=&countyCode=9003&contractId=H5521&planId=013&segmentId=0&plan=Aetna%20Medicare%20Explorer%20Premier%20Plan%20(PPO)%20-%20H5521-013-0&utm_source=partd&utm_medium=mafinder&utm_campaign=planname"
"H5793",1,0,2022,4,49,0,1,6700,NA,0,0,335,6,0,335,6,0,NA,0,0,0,0,NA,45,45,45,45,NA,90,0,45,285,NA,285,285,NA,0,0,NA,45,45,45,NA,0,0,47,100,NA,0.33,180,4,7,1,0,0,1,0,0,0,0,0,1,1,1,0,0,1,0,0,0,0,0,0,0,"https://q1medicare.com/MedicareAdvantage-2022C-MedicareHealthPlanBenefits.php?state=CT&source=2022MAFinder&ZIP=&countyCode=9003&contractId=H5793&planId=001&segmentId=0&plan=Aetna%20Medicare%20Value%20Plan%20(HMO)%20-%20H5793-001-0&utm_source=partd&utm_medium=mafinder&utm_campaign=planname"
"H5793",10,0,2022,4,0,1,1,7550,NA,0,0,795,NA,1,795,NA,1,NA,10,10,10,10,NA,45,45,45,45,NA,90,10,45,290,NA,290,290,NA,0,0,NA,45,45,45,NA,2,5,47,100,NA,0.33,180,4,7,1,0,0,1,0,0,0,0,0,1,1,1,0,0,1,0,0,0,0,0,0,0,"https://q1medicare.com/MedicareAdvantage-2022C-MedicareHealthPlanBenefits.php?state=CT&source=2022MAFinder&ZIP=&countyCode=9003&contractId=H5793&planId=010&segmentId=0&plan=Aetna%20Medicare%20Elite%20Plan%20(HMO)%20-%20H5793-010-0&utm_source=partd&utm_medium=mafinder&utm_campaign=planname"
"H5854",7,0,2022,4.5,26,480,1,6700,NA,0,0,430,4,0,430,4,0,NA,20,20,20,20,NA,50,50,50,50,NA,90,65,65,330,NA,330,330,NA,0,0,NA,50,50,50,NA,10,15,41,95,NA,0.25,NA,0,0,0,0,0,0,0,0,0,0,0,0,0,1,0,0,1,0,0,0,0,0,0,0,"https://q1medicare.com/MedicareAdvantage-2022C-MedicareHealthPlanBenefits.php?state=CT&source=2022MAFinder&ZIP=&countyCode=9003&contractId=H5854&planId=007&segmentId=0&plan=Anthem%20MediBlue%20Plus%20(HMO)%20-%20H5854-007-0&utm_source=partd&utm_medium=mafinder&utm_campaign=planname"
"H5854",9,0,2022,4.5,36,380,1,6700,NA,0,0,440,4,0,440,4,0,NA,20,20,20,20,NA,50,50,50,50,NA,90,65,65,325,NA,325,325,NA,0,0,NA,50,50,50,NA,12,15,42,95,NA,0.26,NA,0,0,0,0,0,0,0,0,0,0,0,0,0,1,0,0,1,0,0,0,0,0,0,0,"https://q1medicare.com/MedicareAdvantage-2022C-MedicareHealthPlanBenefits.php?state=CT&source=2022MAFinder&ZIP=&countyCode=9009&contractId=H5854&planId=009&segmentId=0&plan=Anthem%20MediBlue%20Plus%20(HMO)%20-%20H5854-009-0&utm_source=partd&utm_medium=mafinder&utm_campaign=planname"
"H5854",10,0,2022,4.5,0,275,1,7300,NA,0,0,400,5,0,400,5,0,NA,5,5,5,5,NA,45,45,45,45,NA,90,50,50,325,NA,325,325,NA,0,0,NA,45,45,45,NA,0,14,35,95,NA,0.28,140,2,0,0,0,0,0,0,0,0,0,0,0,0,1,0,0,1,0,0,0,0,0,0,0,"https://q1medicare.com/MedicareAdvantage-2022C-MedicareHealthPlanBenefits.php?state=CT&source=2022MAFinder&ZIP=&countyCode=9009&contractId=H5854&planId=010&segmentId=0&plan=Anthem%20MediBlue%20Select%20(HMO)%20-%20H5854-010-0&utm_source=partd&utm_medium=mafinder&utm_campaign=planname"
"H5854",11,0,2022,4.5,31.9,480,1,6700,NA,0,0,400,4,0,400,4,0,NA,5,5,5,5,NA,40,40,40,40,NA,90,65,65,300,NA,300,300,NA,0,0,NA,40,40,40,NA,0,8,47,95,NA,0.25,200,3,0,0,0,0,0,0,0,0,0,0,0,0,1,0,0,1,0,0,0,0,0,0,0,"https://q1medicare.com/MedicareAdvantage-2022C-MedicareHealthPlanBenefits.php?state=CT&source=2022MAFinder&ZIP=&countyCode=9009&contractId=H5854&planId=011&segmentId=0&plan=Anthem%20MediBlue%20Extra%20(HMO)%20-%20H5854-011-0&utm_source=partd&utm_medium=mafinder&utm_campaign=planname"
"H7849",52,0,2022,3.5,0,0,1,6500,6500,0,0,385,5,0,NA,NA,1,0.3,0,0,15,15,NA,0,30,50,50,NA,90,30,30,275,NA,275,275,NA,0,NA,0.3,25,45,45,NA,0,0,42,95,NA,0.33,140,4,7,1,0,0,0,0,0,0,0,0,0,0,1,0,0,1,0,0,0,0,0,0,0,"https://q1medicare.com/MedicareAdvantage-2022C-MedicareHealthPlanBenefits.php?state=CT&source=2022MAFinder&ZIP=&countyCode=9009&contractId=H7849&planId=052&segmentId=0&plan=Cigna%20True%20Choice%20Medicare%20(PPO)%20-%20H7849-052-0&utm_source=partd&utm_medium=mafinder&utm_campaign=planname"
"H7849",54,0,2022,3.5,26,0,1,5900,5900,0,0,295,6,0,NA,NA,1,0.3,0,0,15,15,NA,0,30,45,45,NA,90,30,30,275,NA,275,275,NA,0,NA,0.3,25,45,45,NA,0,0,42,95,NA,0.33,200,4,7,1,0,0,0,0,0,0,0,0,0,0,1,0,0,1,0,0,0,0,0,0,0,"https://q1medicare.com/MedicareAdvantage-2022C-MedicareHealthPlanBenefits.php?state=CT&source=2022MAFinder&ZIP=&countyCode=9009&contractId=H7849&planId=054&segmentId=0&plan=Cigna%20True%20Choice%20Plus%20Medicare%20(PPO)%20-%20H7849-054-0&utm_source=partd&utm_medium=mafinder&utm_campaign=planname"
