"Contract.Number","Plan.ID","SSA.State.County.Code","FIPS.State.County.Code","State","County","Enrollment","Year"
"E0654",801,7000,9001,"CT","Fairfield","69",2022
"E0654",801,7010,9003,"CT","Hartford","69",2022
"E0654",801,7020,9005,"CT","Litchfield","25",2022
"E0654",801,7040,9009,"CT","New Haven","114",2022
"E0654",801,7050,9011,"CT","New London","42",2022
"E0654",801,7060,9013,"CT","Tolland","14",2022
"E0654",801,7070,9015,"CT","Windham","20",2022
"H0271",14,7000,9001,"CT","Fairfield","7592",2022
"H0271",14,7010,9003,"CT","Hartford","13415",2022
"H0271",14,7020,9005,"CT","Litchfield","1967",2022
"H0271",14,7030,9007,"CT","Middlesex","1844",2022
"H0271",14,7040,9009,"CT","New Haven","11147",2022
"H0271",14,7050,9011,"CT","New London","3578",2022
"H0271",14,7060,9013,"CT","Tolland","1419",2022
"H0271",14,7070,9015,"CT","Windham","1930",2022
"H0342",1,7010,9003,"CT","Hartford","125",2022
"H0342",1,7020,9005,"CT","Litchfield","27",2022
"H0342",1,7030,9007,"CT","Middlesex","19",2022
"H0342",1,7040,9009,"CT","New Haven","46",2022
"H0342",1,7050,9011,"CT","New London","48",2022
"H0342",1,7060,9013,"CT","Tolland","24",2022
"H0342",1,7070,9015,"CT","Windham","18",2022
"H0710",26,7000,9001,"CT","Fairfield","674",2022
"H0710",26,7010,9003,"CT","Hartford","1480",2022
"H0710",26,7020,9005,"CT","Litchfield","170",2022
"H0710",26,7030,9007,"CT","Middlesex","241",2022
"H0710",26,7040,9009,"CT","New Haven","533",2022
"H0710",26,7050,9011,"CT","New London","144",2022
"H0710",26,7060,9013,"CT","Tolland","127",2022
"H0710",26,7070,9015,"CT","Windham","107",2022
"H0712",5,7000,9001,"CT","Fairfield","1177",2022
"H0712",5,7010,9003,"CT","Hartford","1544",2022
"H0712",5,7020,9005,"CT","Litchfield","106",2022
"H0712",5,7030,9007,"CT","Middlesex","90",2022
"H0712",5,7040,9009,"CT","New Haven","940",2022
"H0712",5,7050,9011,"CT","New London","222",2022
"H0712",5,7060,9013,"CT","Tolland","70",2022
"H0712",5,7070,9015,"CT","Windham","110",2022
"H0712",19,7000,9001,"CT","Fairfield","159",2022
"H0712",19,7010,9003,"CT","Hartford","334",2022
"H0712",19,7020,9005,"CT","Litchfield","37",2022
"H0712",19,7030,9007,"CT","Middlesex","25",2022
"H0712",19,7040,9009,"CT","New Haven","714",2022
"H0712",19,7050,9011,"CT","New London","68",2022
"H0712",19,7060,9013,"CT","Tolland","47",2022
"H0712",19,7070,9015,"CT","Windham","21",2022
"H0712",20,7000,9001,"CT","Fairfield","448",2022
"H0712",20,7010,9003,"CT","Hartford","386",2022
"H0712",20,7020,9005,"CT","Litchfield","47",2022
"H0712",20,7030,9007,"CT","Middlesex","35",2022
"H0712",20,7040,9009,"CT","New Haven","295",2022
"H0712",20,7050,9011,"CT","New London","72",2022
"H0712",20,7060,9013,"CT","Tolland","66",2022
"H0712",20,7070,9015,"CT","Windham","21",2022
"H0712",29,7000,9001,"CT","Fairfield","330",2022
"H0712",29,7010,9003,"CT","Hartford","441",2022
"H0712",29,7020,9005,"CT","Litchfield","43",2022
"H0712",29,7030,9007,"CT","Middlesex","43",2022
"H0712",29,7040,9009,"CT","New Haven","549",2022
"H0712",29,7050,9011,"CT","New London","111",2022
"H0712",29,7060,9013,"CT","Tolland","31",2022
"H0712",29,7070,9015,"CT","Windham","40",2022
"H0755",30,7000,9001,"CT","Fairfield","1424",2022
"H0755",30,7010,9003,"CT","Hartford","1577",2022
"H0755",30,7020,9005,"CT","Litchfield","188",2022
"H0755",30,7030,9007,"CT","Middlesex","176",2022
"H0755",30,7040,9009,"CT","New Haven","956",2022
"H0755",30,7050,9011,"CT","New London","235",2022
"H0755",30,7060,9013,"CT","Tolland","179",2022
"H0755",30,7070,9015,"CT","Windham","141",2022
"H0755",31,7000,9001,"CT","Fairfield","3517",2022
"H0755",31,7010,9003,"CT","Hartford","6593",2022
"H0755",31,7020,9005,"CT","Litchfield","802",2022
"H0755",31,7030,9007,"CT","Middlesex","839",2022
"H0755",31,7040,9009,"CT","New Haven","2765",2022
"H0755",31,7050,9011,"CT","New London","1499",2022
"H0755",31,7060,9013,"CT","Tolland","1192",2022
"H0755",31,7070,9015,"CT","Windham","717",2022
"H0755",32,7000,9001,"CT","Fairfield","151",2022
"H0755",32,7010,9003,"CT","Hartford","208",2022
"H0755",32,7020,9005,"CT","Litchfield","59",2022
"H0755",32,7030,9007,"CT","Middlesex","58",2022
"H0755",32,7040,9009,"CT","New Haven","186",2022
"H0755",32,7050,9011,"CT","New London","121",2022
"H0755",32,7060,9013,"CT","Tolland","34",2022
"H0755",32,7070,9015,"CT","Windham","40",2022
"H0755",33,7000,9001,"CT","Fairfield","3823",2022
"H0755",33,7010,9003,"CT","Hartford","6519",2022
"H0755",33,7020,9005,"CT","Litchfield","1202",2022
"H0755",33,7030,9007,"CT","Middlesex","1312",2022
"H0755",33,7040,9009,"CT","New Haven","4091",2022
"H0755",33,7050,9011,"CT","New London","1968",2022
"H0755",33,7060,9013,"CT","Tolland","1310",2022
"H0755",33,7070,9015,"CT","Windham","813",2022
"H0755",810,7000,9001,"CT","Fairfield","23",2022
"H0755",810,7010,9003,"CT","Hartford","15",2022
"H0755",810,7040,9009,"CT","New Haven","22",2022
"H1666",801,7000,9001,"CT","Fairfield","14",2022
"H1914",1,7000,9001,"CT","Fairfield","1072",2022
"H1914",1,7010,9003,"CT","Hartford","1164",2022
"H1914",1,7020,9005,"CT","Litchfield","302",2022
"H1914",1,7030,9007,"CT","Middlesex","218",2022
"H1914",1,7040,9009,"CT","New Haven","1273",2022
"H1914",1,7050,9011,"CT","New London","394",2022
"H1914",1,7060,9013,"CT","Tolland","188",2022
"H1914",1,7070,9015,"CT","Windham","150",2022
"H1914",2,7000,9001,"CT","Fairfield","577",2022
"H1914",2,7010,9003,"CT","Hartford","588",2022
"H1914",2,7020,9005,"CT","Litchfield","146",2022
"H1914",2,7030,9007,"CT","Middlesex","105",2022
"H1914",2,7040,9009,"CT","New Haven","598",2022
"H1914",2,7050,9011,"CT","New London","209",2022
"H1914",2,7060,9013,"CT","Tolland","89",2022
"H1914",2,7070,9015,"CT","Windham","92",2022
"H1914",4,7000,9001,"CT","Fairfield","101",2022
"H1914",4,7010,9003,"CT","Hartford","71",2022
"H1914",4,7020,9005,"CT","Litchfield","20",2022
"H1914",4,7030,9007,"CT","Middlesex","15",2022
"H1914",4,7040,9009,"CT","New Haven","97",2022
"H1914",4,7050,9011,"CT","New London","28",2022
"H1914",4,7060,9013,"CT","Tolland","17",2022
"H1914",4,7070,9015,"CT","Windham","18",2022
"H2001",816,7000,9001,"CT","Fairfield","345",2022
"H2001",816,7010,9003,"CT","Hartford","572",2022
"H2001",816,7020,9005,"CT","Litchfield","141",2022
"H2001",816,7030,9007,"CT","Middlesex","70",2022
"H2001",816,7040,9009,"CT","New Haven","448",2022
"H2001",816,7050,9011,"CT","New London","96",2022
"H2001",816,7060,9013,"CT","Tolland","82",2022
"H2001",816,7070,9015,"CT","Windham","59",2022
"H2001",817,7000,9001,"CT","Fairfield","1352",2022
"H2001",817,7010,9003,"CT","Hartford","656",2022
"H2001",817,7020,9005,"CT","Litchfield","157",2022
"H2001",817,7030,9007,"CT","Middlesex","244",2022
"H2001",817,7040,9009,"CT","New Haven","789",2022
"H2001",817,7050,9011,"CT","New London","1200",2022
"H2001",817,7060,9013,"CT","Tolland","74",2022
"H2001",817,7070,9015,"CT","Windham","79",2022
"H2001",823,7000,9001,"CT","Fairfield","20",2022
"H2001",823,7040,9009,"CT","New Haven","11",2022
"H2001",836,7010,9003,"CT","Hartford","17",2022
"H2001",837,7000,9001,"CT","Fairfield","322",2022
"H2001",837,7010,9003,"CT","Hartford","388",2022
"H2001",837,7020,9005,"CT","Litchfield","127",2022
"H2001",837,7030,9007,"CT","Middlesex","167",2022
"H2001",837,7040,9009,"CT","New Haven","744",2022
"H2001",837,7050,9011,"CT","New London","155",2022
"H2001",837,7060,9013,"CT","Tolland","65",2022
"H2001",837,7070,9015,"CT","Windham","44",2022
"H2001",838,7000,9001,"CT","Fairfield","2878",2022
"H2001",838,7010,9003,"CT","Hartford","12060",2022
"H2001",838,7020,9005,"CT","Litchfield","2273",2022
"H2001",838,7030,9007,"CT","Middlesex","3116",2022
"H2001",838,7040,9009,"CT","New Haven","6985",2022
"H2001",838,7050,9011,"CT","New London","3807",2022
"H2001",838,7060,9013,"CT","Tolland","3272",2022
"H2001",838,7070,9015,"CT","Windham","2361",2022
"H2001",840,7000,9001,"CT","Fairfield","112",2022
"H2001",840,7010,9003,"CT","Hartford","44",2022
"H2001",840,7040,9009,"CT","New Haven","17",2022
"H2001",847,7000,9001,"CT","Fairfield","5436",2022
"H2001",847,7010,9003,"CT","Hartford","8343",2022
"H2001",847,7020,9005,"CT","Litchfield","1920",2022
"H2001",847,7030,9007,"CT","Middlesex","2162",2022
"H2001",847,7040,9009,"CT","New Haven","6050",2022
"H2001",847,7050,9011,"CT","New London","2398",2022
"H2001",847,7060,9013,"CT","Tolland","1666",2022
"H2001",847,7070,9015,"CT","Windham","924",2022
"H2001",857,7000,9001,"CT","Fairfield","16",2022
"H2001",857,7010,9003,"CT","Hartford","18",2022
"H2001",857,7030,9007,"CT","Middlesex","12",2022
"H2001",857,7040,9009,"CT","New Haven","20",2022
"H2752",1,7040,9009,"CT","New Haven","42",2022
"H2752",2,7040,9009,"CT","New Haven","68",2022
"H2836",5,7000,9001,"CT","Fairfield","1328",2022
"H2836",5,7010,9003,"CT","Hartford","1771",2022
"H2836",5,7020,9005,"CT","Litchfield","394",2022
"H2836",5,7030,9007,"CT","Middlesex","428",2022
"H2836",5,7040,9009,"CT","New Haven","1960",2022
"H2836",5,7050,9011,"CT","New London","685",2022
"H2836",5,7060,9013,"CT","Tolland","260",2022
"H2836",5,7070,9015,"CT","Windham","261",2022
"H2836",6,7000,9001,"CT","Fairfield","717",2022
"H2836",6,7010,9003,"CT","Hartford","987",2022
"H2836",6,7020,9005,"CT","Litchfield","173",2022
"H2836",6,7030,9007,"CT","Middlesex","183",2022
"H2836",6,7040,9009,"CT","New Haven","1151",2022
"H2836",6,7050,9011,"CT","New London","340",2022
"H2836",6,7060,9013,"CT","Tolland","92",2022
"H2836",6,7070,9015,"CT","Windham","176",2022
"H3276",1,7000,9001,"CT","Fairfield","362",2022
"H3276",1,7010,9003,"CT","Hartford","756",2022
"H3276",1,7020,9005,"CT","Litchfield","36",2022
"H3276",1,7030,9007,"CT","Middlesex","31",2022
"H3276",1,7040,9009,"CT","New Haven","513",2022
"H3276",1,7050,9011,"CT","New London","50",2022
"H3276",1,7060,9013,"CT","Tolland","24",2022
"H3276",1,7070,9015,"CT","Windham","28",2022
"H3276",2,7000,9001,"CT","Fairfield","323",2022
"H3276",2,7010,9003,"CT","Hartford","443",2022
"H3276",2,7020,9005,"CT","Litchfield","85",2022
"H3276",2,7030,9007,"CT","Middlesex","72",2022
"H3276",2,7040,9009,"CT","New Haven","450",2022
"H3276",2,7050,9011,"CT","New London","143",2022
"H3276",2,7060,9013,"CT","Tolland","33",2022
"H3276",2,7070,9015,"CT","Windham","69",2022
"H3276",3,7000,9001,"CT","Fairfield","14",2022
"H3276",3,7040,9009,"CT","New Haven","13",2022
"H3442",1,7000,9001,"CT","Fairfield","5216",2022
"H3442",1,7010,9003,"CT","Hartford","7107",2022
"H3442",1,7020,9005,"CT","Litchfield","1425",2022
"H3442",1,7030,9007,"CT","Middlesex","1896",2022
"H3442",1,7040,9009,"CT","New Haven","5004",2022
"H3442",1,7050,9011,"CT","New London","2482",2022
"H3442",1,7060,9013,"CT","Tolland","1190",2022
"H3442",1,7070,9015,"CT","Windham","1374",2022
"H3528",3,7000,9001,"CT","Fairfield","139",2022
"H3528",3,7010,9003,"CT","Hartford","309",2022
"H3528",3,7020,9005,"CT","Litchfield","76",2022
"H3528",3,7030,9007,"CT","Middlesex","171",2022
"H3528",3,7040,9009,"CT","New Haven","323",2022
"H3528",3,7050,9011,"CT","New London","98",2022
"H3528",3,7060,9013,"CT","Tolland","69",2022
"H3528",3,7070,9015,"CT","Windham","54",2022
"H3528",6,7000,9001,"CT","Fairfield","100",2022
"H3528",6,7010,9003,"CT","Hartford","88",2022
"H3528",6,7020,9005,"CT","Litchfield","21",2022
"H3528",6,7030,9007,"CT","Middlesex","20",2022
"H3528",6,7040,9009,"CT","New Haven","59",2022
"H3528",6,7050,9011,"CT","New London","26",2022
"H3528",6,7060,9013,"CT","Tolland","16",2022
"H3528",10,7000,9001,"CT","Fairfield","279",2022
"H3528",10,7010,9003,"CT","Hartford","2687",2022
"H3528",10,7020,9005,"CT","Litchfield","348",2022
"H3528",10,7030,9007,"CT","Middlesex","1060",2022
"H3528",10,7040,9009,"CT","New Haven","967",2022
"H3528",10,7050,9011,"CT","New London","637",2022
"H3528",10,7060,9013,"CT","Tolland","420",2022
"H3528",10,7070,9015,"CT","Windham","270",2022
"H3528",11,7000,9001,"CT","Fairfield","1756",2022
"H3528",11,7010,9003,"CT","Hartford","3201",2022
"H3528",11,7020,9005,"CT","Litchfield","663",2022
"H3528",11,7030,9007,"CT","Middlesex","1414",2022
"H3528",11,7040,9009,"CT","New Haven","3379",2022
"H3528",11,7050,9011,"CT","New London","1022",2022
"H3528",11,7060,9013,"CT","Tolland","633",2022
"H3528",11,7070,9015,"CT","Windham","346",2022
"H3528",14,7000,9001,"CT","Fairfield","1365",2022
"H3528",14,7010,9003,"CT","Hartford","3909",2022
"H3528",14,7020,9005,"CT","Litchfield","847",2022
"H3528",14,7030,9007,"CT","Middlesex","1242",2022
"H3528",14,7040,9009,"CT","New Haven","2879",2022
"H3528",14,7050,9011,"CT","New London","1063",2022
"H3528",14,7060,9013,"CT","Tolland","951",2022
"H3528",14,7070,9015,"CT","Windham","319",2022
"H3528",15,7000,9001,"CT","Fairfield","13",2022
"H3528",15,7010,9003,"CT","Hartford","414",2022
"H3528",15,7020,9005,"CT","Litchfield","88",2022
"H3528",15,7030,9007,"CT","Middlesex","166",2022
"H3528",15,7040,9009,"CT","New Haven","498",2022
"H3528",15,7050,9011,"CT","New London","121",2022
"H3528",15,7060,9013,"CT","Tolland","69",2022
"H3528",15,7070,9015,"CT","Windham","26",2022
"H3528",16,7010,9003,"CT","Hartford","444",2022
"H3528",16,7020,9005,"CT","Litchfield","75",2022
"H3528",16,7030,9007,"CT","Middlesex","129",2022
"H3528",16,7040,9009,"CT","New Haven","498",2022
"H3528",16,7050,9011,"CT","New London","84",2022
"H3528",16,7060,9013,"CT","Tolland","80",2022
"H3528",16,7070,9015,"CT","Windham","35",2022
"H3528",17,7000,9001,"CT","Fairfield","27",2022
"H3528",17,7010,9003,"CT","Hartford","72",2022
"H3528",17,7030,9007,"CT","Middlesex","11",2022
"H3528",17,7040,9009,"CT","New Haven","66",2022
"H3528",17,7050,9011,"CT","New London","25",2022
"H3528",801,7000,9001,"CT","Fairfield","28",2022
"H3528",801,7040,9009,"CT","New Haven","229",2022
"H3528",806,7000,9001,"CT","Fairfield","21",2022
"H3528",806,7010,9003,"CT","Hartford","97",2022
"H3528",806,7020,9005,"CT","Litchfield","64",2022
"H3528",806,7030,9007,"CT","Middlesex","33",2022
"H3528",806,7040,9009,"CT","New Haven","51",2022
"H3528",806,7060,9013,"CT","Tolland","25",2022
"H3916",802,7010,9003,"CT","Hartford","12",2022
"H3916",802,7030,9007,"CT","Middlesex","24",2022
"H3916",802,7040,9009,"CT","New Haven","241",2022
"H4003",34,7040,9009,"CT","New Haven","12",2022
"H4036",801,7000,9001,"CT","Fairfield","151",2022
"H4036",801,7010,9003,"CT","Hartford","155",2022
"H4036",801,7020,9005,"CT","Litchfield","39",2022
"H4036",801,7030,9007,"CT","Middlesex","79",2022
"H4036",801,7040,9009,"CT","New Haven","1217",2022
"H4036",801,7050,9011,"CT","New London","182",2022
"H4036",801,7060,9013,"CT","Tolland","27",2022
"H4036",802,7000,9001,"CT","Fairfield","1794",2022
"H4036",802,7010,9003,"CT","Hartford","797",2022
"H4036",802,7020,9005,"CT","Litchfield","129",2022
"H4036",802,7030,9007,"CT","Middlesex","122",2022
"H4036",802,7040,9009,"CT","New Haven","746",2022
"H4036",802,7050,9011,"CT","New London","1585",2022
"H4036",802,7060,9013,"CT","Tolland","243",2022
"H4036",802,7070,9015,"CT","Windham","156",2022
"H5216",59,7010,9003,"CT","Hartford","92",2022
"H5216",59,7060,9013,"CT","Tolland","19",2022
"H5216",288,7010,9003,"CT","Hartford","114",2022
"H5216",289,7010,9003,"CT","Hartford","331",2022
"H5216",289,7060,9013,"CT","Tolland","52",2022
"H5216",290,7010,9003,"CT","Hartford","324",2022
"H5216",290,7060,9013,"CT","Tolland","23",2022
"H5216",805,7000,9001,"CT","Fairfield","114",2022
"H5216",805,7010,9003,"CT","Hartford","140",2022
"H5216",805,7020,9005,"CT","Litchfield","136",2022
"H5216",805,7030,9007,"CT","Middlesex","55",2022
"H5216",805,7040,9009,"CT","New Haven","109",2022
"H5216",805,7050,9011,"CT","New London","27",2022
"H5216",805,7060,9013,"CT","Tolland","20",2022
"H5216",805,7070,9015,"CT","Windham","11",2022
"H5216",806,7000,9001,"CT","Fairfield","33",2022
"H5216",806,7010,9003,"CT","Hartford","36",2022
"H5216",806,7040,9009,"CT","New Haven","23",2022
"H5273",1,7010,9003,"CT","Hartford","1778",2022
"H5273",1,7020,9005,"CT","Litchfield","222",2022
"H5273",1,7030,9007,"CT","Middlesex","158",2022
"H5273",1,7040,9009,"CT","New Haven","444",2022
"H5273",1,7050,9011,"CT","New London","402",2022
"H5273",1,7060,9013,"CT","Tolland","420",2022
"H5273",1,7070,9015,"CT","Windham","238",2022
"H5273",2,7010,9003,"CT","Hartford","193",2022
"H5273",2,7020,9005,"CT","Litchfield","23",2022
"H5273",2,7040,9009,"CT","New Haven","66",2022
"H5273",2,7050,9011,"CT","New London","61",2022
"H5273",2,7060,9013,"CT","Tolland","42",2022
"H5273",2,7070,9015,"CT","Windham","29",2022
"H5521",13,7000,9001,"CT","Fairfield","751",2022
"H5521",13,7010,9003,"CT","Hartford","373",2022
"H5521",13,7020,9005,"CT","Litchfield","180",2022
"H5521",13,7030,9007,"CT","Middlesex","37",2022
"H5521",13,7040,9009,"CT","New Haven","673",2022
"H5521",13,7050,9011,"CT","New London","39",2022
"H5521",13,7060,9013,"CT","Tolland","47",2022
"H5521",13,7070,9015,"CT","Windham","15",2022
"H5521",157,7000,9001,"CT","Fairfield","7592",2022
"H5521",157,7010,9003,"CT","Hartford","6131",2022
"H5521",157,7020,9005,"CT","Litchfield","2825",2022
"H5521",157,7030,9007,"CT","Middlesex","1070",2022
"H5521",157,7040,9009,"CT","New Haven","9416",2022
"H5521",157,7050,9011,"CT","New London","1137",2022
"H5521",157,7060,9013,"CT","Tolland","1130",2022
"H5521",157,7070,9015,"CT","Windham","648",2022
"H5521",272,7040,9009,"CT","New Haven","14",2022
"H5521",350,7000,9001,"CT","Fairfield","41",2022
"H5521",350,7010,9003,"CT","Hartford","29",2022
"H5521",350,7020,9005,"CT","Litchfield","18",2022
"H5521",350,7040,9009,"CT","New Haven","37",2022
"H5521",350,7050,9011,"CT","New London","27",2022
"H5521",350,7070,9015,"CT","Windham","11",2022
"H5521",352,7000,9001,"CT","Fairfield","3281",2022
"H5521",352,7010,9003,"CT","Hartford","3007",2022
"H5521",352,7020,9005,"CT","Litchfield","1116",2022
"H5521",352,7030,9007,"CT","Middlesex","509",2022
"H5521",352,7040,9009,"CT","New Haven","4152",2022
"H5521",352,7050,9011,"CT","New London","469",2022
"H5521",352,7060,9013,"CT","Tolland","332",2022
"H5521",352,7070,9015,"CT","Windham","195",2022
"H5521",801,7000,9001,"CT","Fairfield","1205",2022
"H5521",801,7010,9003,"CT","Hartford","573",2022
"H5521",801,7020,9005,"CT","Litchfield","248",2022
"H5521",801,7030,9007,"CT","Middlesex","295",2022
"H5521",801,7040,9009,"CT","New Haven","4186",2022
"H5521",801,7050,9011,"CT","New London","171",2022
"H5521",801,7060,9013,"CT","Tolland","38",2022
"H5521",801,7070,9015,"CT","Windham","39",2022
"H5521",802,7000,9001,"CT","Fairfield","968",2022
"H5521",802,7010,9003,"CT","Hartford","1680",2022
"H5521",802,7020,9005,"CT","Litchfield","188",2022
"H5521",802,7030,9007,"CT","Middlesex","258",2022
"H5521",802,7040,9009,"CT","New Haven","533",2022
"H5521",802,7050,9011,"CT","New London","299",2022
"H5521",802,7060,9013,"CT","Tolland","270",2022
"H5521",802,7070,9015,"CT","Windham","161",2022
"H5521",812,7010,9003,"CT","Hartford","20",2022
"H5521",812,7030,9007,"CT","Middlesex","12",2022
"H5521",812,7040,9009,"CT","New Haven","14",2022
"H5793",1,7000,9001,"CT","Fairfield","222",2022
"H5793",1,7010,9003,"CT","Hartford","536",2022
"H5793",1,7020,9005,"CT","Litchfield","276",2022
"H5793",1,7040,9009,"CT","New Haven","213",2022
"H5793",1,7050,9011,"CT","New London","16",2022
"H5793",1,7060,9013,"CT","Tolland","53",2022
"H5793",10,7000,9001,"CT","Fairfield","926",2022
"H5793",10,7010,9003,"CT","Hartford","652",2022
"H5793",10,7020,9005,"CT","Litchfield","245",2022
"H5793",10,7030,9007,"CT","Middlesex","40",2022
"H5793",10,7040,9009,"CT","New Haven","1452",2022
"H5793",10,7050,9011,"CT","New London","77",2022
"H5793",10,7060,9013,"CT","Tolland","77",2022
"H5793",10,7070,9015,"CT","Windham","26",2022
"H5793",17,7000,9001,"CT","Fairfield","1407",2022
"H5793",17,7010,9003,"CT","Hartford","1745",2022
"H5793",17,7020,9005,"CT","Litchfield","470",2022
"H5793",17,7030,9007,"CT","Middlesex","229",2022
"H5793",17,7040,9009,"CT","New Haven","2048",2022
"H5793",17,7050,9011,"CT","New London","408",2022
"H5793",17,7060,9013,"CT","Tolland","137",2022
"H5793",17,7070,9015,"CT","Windham","225",2022
"H5854",7,7010,9003,"CT","Hartford","350",2022
"H5854",8,7000,9001,"CT","Fairfield","549",2022
"H5854",8,7010,9003,"CT","Hartford","795",2022
"H5854",8,7020,9005,"CT","Litchfield","148",2022
"H5854",8,7030,9007,"CT","Middlesex","122",2022
"H5854",8,7040,9009,"CT","New Haven","869",2022
"H5854",8,7050,9011,"CT","New London","134",2022
"H5854",8,7060,9013,"CT","Tolland","81",2022
"H5854",8,7070,9015,"CT","Windham","78",2022
"H5854",9,7000,9001,"CT","Fairfield","321",2022
"H5854",9,7020,9005,"CT","Litchfield","71",2022
"H5854",9,7030,9007,"CT","Middlesex","34",2022
"H5854",9,7040,9009,"CT","New Haven","374",2022
"H5854",9,7070,9015,"CT","Windham","30",2022
"H5854",10,7000,9001,"CT","Fairfield","1512",2022
"H5854",10,7010,9003,"CT","Hartford","1711",2022
"H5854",10,7020,9005,"CT","Litchfield","517",2022
"H5854",10,7030,9007,"CT","Middlesex","491",2022
"H5854",10,7040,9009,"CT","New Haven","2664",2022
"H5854",10,7070,9015,"CT","Windham","230",2022
"H5854",11,7000,9001,"CT","Fairfield","319",2022
"H5854",11,7010,9003,"CT","Hartford","415",2022
"H5854",11,7020,9005,"CT","Litchfield","86",2022
"H5854",11,7030,9007,"CT","Middlesex","86",2022
"H5854",11,7040,9009,"CT","New Haven","510",2022
"H5854",11,7050,9011,"CT","New London","282",2022
"H5854",11,7060,9013,"CT","Tolland","94",2022
"H5854",11,7070,9015,"CT","Windham","66",2022
"H5854",12,7000,9001,"CT","Fairfield","21",2022
"H5854",12,7010,9003,"CT","Hartford","25",2022
"H5854",12,7040,9009,"CT","New Haven","27",2022
"H5854",13,7000,9001,"CT","Fairfield","2078",2022
"H5854",13,7010,9003,"CT","Hartford","4392",2022
"H5854",13,7020,9005,"CT","Litchfield","628",2022
"H5854",13,7030,9007,"CT","Middlesex","639",2022
"H5854",13,7040,9009,"CT","New Haven","4411",2022
"H5854",13,7050,9011,"CT","New London","649",2022
"H5854",13,7060,9013,"CT","Tolland","351",2022
"H5854",13,7070,9015,"CT","Windham","426",2022
"H5854",14,7000,9001,"CT","Fairfield","18",2022
"H5854",14,7010,9003,"CT","Hartford","54",2022
"H5854",14,7030,9007,"CT","Middlesex","41",2022
"H5854",14,7040,9009,"CT","New Haven","28",2022
"H5854",14,7060,9013,"CT","Tolland","22",2022
"H5854",15,7040,9009,"CT","New Haven","464",2022
"H6078",801,7000,9001,"CT","Fairfield","18",2022
"H7849",52,7040,9009,"CT","New Haven","322",2022
"H7849",54,7040,9009,"CT","New Haven","48",2022
"H9572",802,7000,9001,"CT","Fairfield","29",2022
"R7444",1,7000,9001,"CT","Fairfield","1150",2022
"R7444",1,7010,9003,"CT","Hartford","893",2022
"R7444",1,7020,9005,"CT","Litchfield","257",2022
"R7444",1,7030,9007,"CT","Middlesex","160",2022
"R7444",1,7040,9009,"CT","New Haven","578",2022
"R7444",1,7050,9011,"CT","New London","381",2022
"R7444",1,7060,9013,"CT","Tolland","178",2022
"R7444",1,7070,9015,"CT","Windham","207",2022
"S0655",801,7010,9003,"CT","Hartford","15",2022
"S2893",1,7000,9001,"CT","Fairfield","1582",2022
"S2893",1,7010,9003,"CT","Hartford","1231",2022
"S2893",1,7020,9005,"CT","Litchfield","434",2022
"S2893",1,7030,9007,"CT","Middlesex","361",2022
"S2893",1,7040,9009,"CT","New Haven","1410",2022
"S2893",1,7050,9011,"CT","New London","480",2022
"S2893",1,7060,9013,"CT","Tolland","210",2022
"S2893",1,7070,9015,"CT","Windham","189",2022
"S2893",3,7000,9001,"CT","Fairfield","502",2022
"S2893",3,7010,9003,"CT","Hartford","357",2022
"S2893",3,7020,9005,"CT","Litchfield","100",2022
"S2893",3,7030,9007,"CT","Middlesex","99",2022
"S2893",3,7040,9009,"CT","New Haven","445",2022
"S2893",3,7050,9011,"CT","New London","135",2022
"S2893",3,7060,9013,"CT","Tolland","56",2022
"S2893",3,7070,9015,"CT","Windham","39",2022
"S2893",801,7000,9001,"CT","Fairfield","109",2022
"S2893",801,7010,9003,"CT","Hartford","412",2022
"S2893",801,7020,9005,"CT","Litchfield","113",2022
"S2893",801,7030,9007,"CT","Middlesex","60",2022
"S2893",801,7040,9009,"CT","New Haven","130",2022
"S2893",801,7050,9011,"CT","New London","96",2022
"S2893",801,7060,9013,"CT","Tolland","48",2022
"S2893",801,7070,9015,"CT","Windham","75",2022
"S4501",804,7000,9001,"CT","Fairfield","82",2022
"S4802",76,7000,9001,"CT","Fairfield","3684",2022
"S4802",76,7010,9003,"CT","Hartford","3795",2022
"S4802",76,7020,9005,"CT","Litchfield","1022",2022
"S4802",76,7030,9007,"CT","Middlesex","671",2022
"S4802",76,7040,9009,"CT","New Haven","3730",2022
"S4802",76,7050,9011,"CT","New London","1465",2022
"S4802",76,7060,9013,"CT","Tolland","440",2022
"S4802",76,7070,9015,"CT","Windham","670",2022
"S4802",77,7000,9001,"CT","Fairfield","36",2022
"S4802",77,7010,9003,"CT","Hartford","12",2022
"S4802",77,7040,9009,"CT","New Haven","16",2022
"S4802",137,7000,9001,"CT","Fairfield","6876",2022
"S4802",137,7010,9003,"CT","Hartford","3698",2022
"S4802",137,7020,9005,"CT","Litchfield","1597",2022
"S4802",137,7030,9007,"CT","Middlesex","1005",2022
"S4802",137,7040,9009,"CT","New Haven","4164",2022
"S4802",137,7050,9011,"CT","New London","1514",2022
"S4802",137,7060,9013,"CT","Tolland","688",2022
"S4802",137,7070,9015,"CT","Windham","590",2022
"S4802",205,7000,9001,"CT","Fairfield","1384",2022
"S4802",205,7010,9003,"CT","Hartford","933",2022
"S4802",205,7020,9005,"CT","Litchfield","321",2022
"S4802",205,7030,9007,"CT","Middlesex","208",2022
"S4802",205,7040,9009,"CT","New Haven","1001",2022
"S4802",205,7050,9011,"CT","New London","312",2022
"S4802",205,7060,9013,"CT","Tolland","165",2022
"S4802",205,7070,9015,"CT","Windham","126",2022
"S5552",4,7000,9001,"CT","Fairfield","53",2022
"S5552",4,7010,9003,"CT","Hartford","13",2022
"S5552",4,7040,9009,"CT","New Haven","23",2022
"S5601",4,7000,9001,"CT","Fairfield","8746",2022
"S5601",4,7010,9003,"CT","Hartford","8013",2022
"S5601",4,7020,9005,"CT","Litchfield","2185",2022
"S5601",4,7030,9007,"CT","Middlesex","1362",2022
"S5601",4,7040,9009,"CT","New Haven","8126",2022
"S5601",4,7050,9011,"CT","New London","2810",2022
"S5601",4,7060,9013,"CT","Tolland","1004",2022
"S5601",4,7070,9015,"CT","Windham","1169",2022
"S5601",5,7000,9001,"CT","Fairfield","550",2022
"S5601",5,7010,9003,"CT","Hartford","365",2022
"S5601",5,7020,9005,"CT","Litchfield","135",2022
"S5601",5,7030,9007,"CT","Middlesex","89",2022
"S5601",5,7040,9009,"CT","New Haven","406",2022
"S5601",5,7050,9011,"CT","New London","115",2022
"S5601",5,7060,9013,"CT","Tolland","61",2022
"S5601",5,7070,9015,"CT","Windham","50",2022
"S5601",6,7000,9001,"CT","Fairfield","120",2022
"S5601",6,7010,9003,"CT","Hartford","26",2022
"S5601",6,7020,9005,"CT","Litchfield","15",2022
"S5601",6,7040,9009,"CT","New Haven","54",2022
"S5601",22,7000,9001,"CT","Fairfield","46",2022
"S5601",22,7010,9003,"CT","Hartford","42",2022
"S5601",22,7020,9005,"CT","Litchfield","14",2022
"S5601",22,7040,9009,"CT","New Haven","47",2022
"S5601",22,7050,9011,"CT","New London","11",2022
"S5601",177,7000,9001,"CT","Fairfield","4234",2022
"S5601",177,7010,9003,"CT","Hartford","2180",2022
"S5601",177,7020,9005,"CT","Litchfield","884",2022
"S5601",177,7030,9007,"CT","Middlesex","507",2022
"S5601",177,7040,9009,"CT","New Haven","2288",2022
"S5601",177,7050,9011,"CT","New London","916",2022
"S5601",177,7060,9013,"CT","Tolland","413",2022
"S5601",177,7070,9015,"CT","Windham","334",2022
"S5601",178,7000,9001,"CT","Fairfield","12",2022
"S5601",186,7000,9001,"CT","Fairfield","32",2022
"S5601",801,7000,9001,"CT","Fairfield","370",2022
"S5601",801,7010,9003,"CT","Hartford","123",2022
"S5601",801,7020,9005,"CT","Litchfield","67",2022
"S5601",801,7030,9007,"CT","Middlesex","15",2022
"S5601",801,7040,9009,"CT","New Haven","160",2022
"S5601",801,7050,9011,"CT","New London","24",2022
"S5601",805,7000,9001,"CT","Fairfield","1217",2022
"S5601",805,7010,9003,"CT","Hartford","651",2022
"S5601",805,7020,9005,"CT","Litchfield","210",2022
"S5601",805,7030,9007,"CT","Middlesex","178",2022
"S5601",805,7040,9009,"CT","New Haven","567",2022
"S5601",805,7050,9011,"CT","New London","1223",2022
"S5601",805,7060,9013,"CT","Tolland","129",2022
"S5601",805,7070,9015,"CT","Windham","131",2022
"S5601",807,7000,9001,"CT","Fairfield","65",2022
"S5601",807,7010,9003,"CT","Hartford","13",2022
"S5601",807,7030,9007,"CT","Middlesex","55",2022
"S5601",807,7040,9009,"CT","New Haven","36",2022
"S5601",807,7050,9011,"CT","New London","21",2022
"S5601",807,7070,9015,"CT","Windham","19",2022
"S5601",811,7000,9001,"CT","Fairfield","1167",2022
"S5601",811,7010,9003,"CT","Hartford","180",2022
"S5601",811,7020,9005,"CT","Litchfield","214",2022
"S5601",811,7030,9007,"CT","Middlesex","98",2022
"S5601",811,7040,9009,"CT","New Haven","502",2022
"S5601",811,7050,9011,"CT","New London","101",2022
"S5601",811,7060,9013,"CT","Tolland","17",2022
"S5601",811,7070,9015,"CT","Windham","16",2022
"S5601",813,7000,9001,"CT","Fairfield","293",2022
"S5601",813,7010,9003,"CT","Hartford","13",2022
"S5601",813,7020,9005,"CT","Litchfield","21",2022
"S5601",813,7040,9009,"CT","New Haven","52",2022
"S5601",816,7000,9001,"CT","Fairfield","51",2022
"S5601",816,7010,9003,"CT","Hartford","139",2022
"S5601",816,7030,9007,"CT","Middlesex","41",2022
"S5601",816,7040,9009,"CT","New Haven","214",2022
"S5601",816,7050,9011,"CT","New London","56",2022
"S5601",816,7060,9013,"CT","Tolland","20",2022
"S5601",816,7070,9015,"CT","Windham","14",2022
"S5601",818,7000,9001,"CT","Fairfield","121",2022
"S5601",818,7010,9003,"CT","Hartford","77",2022
"S5601",818,7020,9005,"CT","Litchfield","36",2022
"S5601",818,7030,9007,"CT","Middlesex","181",2022
"S5601",818,7040,9009,"CT","New Haven","3726",2022
"S5601",818,7050,9011,"CT","New London","40",2022
"S5601",820,7000,9001,"CT","Fairfield","123",2022
"S5601",820,7010,9003,"CT","Hartford","26",2022
"S5601",820,7020,9005,"CT","Litchfield","15",2022
"S5601",820,7040,9009,"CT","New Haven","58",2022
"S5601",820,7050,9011,"CT","New London","12",2022
"S5617",8,7000,9001,"CT","Fairfield","1757",2022
"S5617",8,7010,9003,"CT","Hartford","1569",2022
"S5617",8,7020,9005,"CT","Litchfield","412",2022
"S5617",8,7030,9007,"CT","Middlesex","308",2022
"S5617",8,7040,9009,"CT","New Haven","1498",2022
"S5617",8,7050,9011,"CT","New London","576",2022
"S5617",8,7060,9013,"CT","Tolland","207",2022
"S5617",8,7070,9015,"CT","Windham","263",2022
"S5617",13,7000,9001,"CT","Fairfield","68",2022
"S5617",13,7010,9003,"CT","Hartford","14",2022
"S5617",13,7040,9009,"CT","New Haven","29",2022
"S5617",247,7000,9001,"CT","Fairfield","1001",2022
"S5617",247,7010,9003,"CT","Hartford","636",2022
"S5617",247,7020,9005,"CT","Litchfield","224",2022
"S5617",247,7030,9007,"CT","Middlesex","193",2022
"S5617",247,7040,9009,"CT","New Haven","629",2022
"S5617",247,7050,9011,"CT","New London","236",2022
"S5617",247,7060,9013,"CT","Tolland","121",2022
"S5617",247,7070,9015,"CT","Windham","81",2022
"S5617",281,7000,9001,"CT","Fairfield","531",2022
"S5617",281,7010,9003,"CT","Hartford","298",2022
"S5617",281,7020,9005,"CT","Litchfield","133",2022
"S5617",281,7030,9007,"CT","Middlesex","70",2022
"S5617",281,7040,9009,"CT","New Haven","281",2022
"S5617",281,7050,9011,"CT","New London","128",2022
"S5617",281,7060,9013,"CT","Tolland","76",2022
"S5617",281,7070,9015,"CT","Windham","44",2022
"S5617",801,7000,9001,"CT","Fairfield","161",2022
"S5617",801,7010,9003,"CT","Hartford","24",2022
"S5617",801,7020,9005,"CT","Litchfield","13",2022
"S5617",801,7040,9009,"CT","New Haven","20",2022
"S5617",805,7000,9001,"CT","Fairfield","22",2022
"S5617",805,7010,9003,"CT","Hartford","483",2022
"S5617",805,7020,9005,"CT","Litchfield","24",2022
"S5617",805,7030,9007,"CT","Middlesex","19",2022
"S5617",805,7040,9009,"CT","New Haven","36",2022
"S5617",805,7050,9011,"CT","New London","14",2022
"S5617",805,7060,9013,"CT","Tolland","48",2022
"S5660",801,7000,9001,"CT","Fairfield","2131",2022
"S5660",801,7010,9003,"CT","Hartford","1303",2022
"S5660",801,7020,9005,"CT","Litchfield","285",2022
"S5660",801,7030,9007,"CT","Middlesex","346",2022
"S5660",801,7040,9009,"CT","New Haven","1582",2022
"S5660",801,7050,9011,"CT","New London","1798",2022
"S5660",801,7060,9013,"CT","Tolland","200",2022
"S5660",801,7070,9015,"CT","Windham","201",2022
"S5660",802,7000,9001,"CT","Fairfield","21",2022
"S5660",802,7010,9003,"CT","Hartford","23",2022
"S5660",802,7020,9005,"CT","Litchfield","12",2022
"S5660",802,7040,9009,"CT","New Haven","20",2022
"S5660",802,7050,9011,"CT","New London","13",2022
"S5660",806,7000,9001,"CT","Fairfield","34",2022
"S5660",806,7010,9003,"CT","Hartford","379",2022
"S5660",806,7020,9005,"CT","Litchfield","143",2022
"S5660",806,7030,9007,"CT","Middlesex","29",2022
"S5660",806,7040,9009,"CT","New Haven","134",2022
"S5660",806,7050,9011,"CT","New London","14",2022
"S5660",806,7070,9015,"CT","Windham","12",2022
"S5805",1,7000,9001,"CT","Fairfield","18",2022
"S5805",803,7000,9001,"CT","Fairfield","16",2022
"S5820",2,7000,9001,"CT","Fairfield","10507",2022
"S5820",2,7010,9003,"CT","Hartford","6489",2022
"S5820",2,7020,9005,"CT","Litchfield","2149",2022
"S5820",2,7030,9007,"CT","Middlesex","1616",2022
"S5820",2,7040,9009,"CT","New Haven","6316",2022
"S5820",2,7050,9011,"CT","New London","2032",2022
"S5820",2,7060,9013,"CT","Tolland","1204",2022
"S5820",2,7070,9015,"CT","Windham","814",2022
"S5820",803,7000,9001,"CT","Fairfield","927",2022
"S5820",803,7010,9003,"CT","Hartford","1243",2022
"S5820",803,7020,9005,"CT","Litchfield","244",2022
"S5820",803,7030,9007,"CT","Middlesex","192",2022
"S5820",803,7040,9009,"CT","New Haven","718",2022
"S5820",803,7050,9011,"CT","New London","217",2022
"S5820",803,7060,9013,"CT","Tolland","298",2022
"S5820",803,7070,9015,"CT","Windham","93",2022
"S5820",814,7000,9001,"CT","Fairfield","22",2022
"S5820",814,7010,9003,"CT","Hartford","81",2022
"S5820",833,7040,9009,"CT","New Haven","11",2022
"S5884",102,7000,9001,"CT","Fairfield","3176",2022
"S5884",102,7010,9003,"CT","Hartford","3142",2022
"S5884",102,7020,9005,"CT","Litchfield","830",2022
"S5884",102,7030,9007,"CT","Middlesex","578",2022
"S5884",102,7040,9009,"CT","New Haven","3194",2022
"S5884",102,7050,9011,"CT","New London","1235",2022
"S5884",102,7060,9013,"CT","Tolland","364",2022
"S5884",102,7070,9015,"CT","Windham","555",2022
"S5884",149,7000,9001,"CT","Fairfield","1805",2022
"S5884",149,7010,9003,"CT","Hartford","1428",2022
"S5884",149,7020,9005,"CT","Litchfield","531",2022
"S5884",149,7030,9007,"CT","Middlesex","360",2022
"S5884",149,7040,9009,"CT","New Haven","1339",2022
"S5884",149,7050,9011,"CT","New London","530",2022
"S5884",149,7060,9013,"CT","Tolland","208",2022
"S5884",149,7070,9015,"CT","Windham","251",2022
"S5884",182,7000,9001,"CT","Fairfield","2089",2022
"S5884",182,7010,9003,"CT","Hartford","1271",2022
"S5884",182,7020,9005,"CT","Litchfield","600",2022
"S5884",182,7030,9007,"CT","Middlesex","361",2022
"S5884",182,7040,9009,"CT","New Haven","1318",2022
"S5884",182,7050,9011,"CT","New London","646",2022
"S5884",182,7060,9013,"CT","Tolland","200",2022
"S5884",182,7070,9015,"CT","Windham","337",2022
"S5884",834,7000,9001,"CT","Fairfield","35",2022
"S5884",834,7010,9003,"CT","Hartford","127",2022
"S5884",834,7040,9009,"CT","New Haven","37",2022
"S5921",348,7000,9001,"CT","Fairfield","5389",2022
"S5921",348,7010,9003,"CT","Hartford","4215",2022
"S5921",348,7020,9005,"CT","Litchfield","1213",2022
"S5921",348,7030,9007,"CT","Middlesex","853",2022
"S5921",348,7040,9009,"CT","New Haven","4114",2022
"S5921",348,7050,9011,"CT","New London","1653",2022
"S5921",348,7060,9013,"CT","Tolland","644",2022
"S5921",348,7070,9015,"CT","Windham","660",2022
"S5921",385,7000,9001,"CT","Fairfield","3925",2022
"S5921",385,7010,9003,"CT","Hartford","2229",2022
"S5921",385,7020,9005,"CT","Litchfield","757",2022
"S5921",385,7030,9007,"CT","Middlesex","635",2022
"S5921",385,7040,9009,"CT","New Haven","2155",2022
"S5921",385,7050,9011,"CT","New London","767",2022
"S5921",385,7060,9013,"CT","Tolland","470",2022
"S5921",385,7070,9015,"CT","Windham","284",2022
"S5921",802,7040,9009,"CT","New Haven","43",2022
"S5960",804,7000,9001,"CT","Fairfield","33",2022
"S5960",804,7040,9009,"CT","New Haven","16",2022
"S5966",803,7000,9001,"CT","Fairfield","393",2022
"S5966",803,7010,9003,"CT","Hartford","58",2022
"S5966",803,7020,9005,"CT","Litchfield","52",2022
"S5966",803,7030,9007,"CT","Middlesex","18",2022
"S5966",803,7040,9009,"CT","New Haven","121",2022
"S5966",803,7050,9011,"CT","New London","17",2022
"S7126",2,7000,9001,"CT","Fairfield","42",2022
"S7126",2,7010,9003,"CT","Hartford","26",2022
"S7126",2,7040,9009,"CT","New Haven","22",2022
"S7126",2,7050,9011,"CT","New London","15",2022
"S7126",72,7000,9001,"CT","Fairfield","209",2022
"S7126",72,7010,9003,"CT","Hartford","118",2022
"S7126",72,7020,9005,"CT","Litchfield","46",2022
"S7126",72,7030,9007,"CT","Middlesex","92",2022
"S7126",72,7040,9009,"CT","New Haven","150",2022
"S7126",72,7050,9011,"CT","New London","53",2022
"S7126",72,7060,9013,"CT","Tolland","21",2022
"S7126",72,7070,9015,"CT","Windham","19",2022
"S7694",2,7000,9001,"CT","Fairfield","1362",2022
"S7694",2,7010,9003,"CT","Hartford","1304",2022
"S7694",2,7020,9005,"CT","Litchfield","332",2022
"S7694",2,7030,9007,"CT","Middlesex","221",2022
"S7694",2,7040,9009,"CT","New Haven","1353",2022
"S7694",2,7050,9011,"CT","New London","509",2022
"S7694",2,7060,9013,"CT","Tolland","144",2022
"S7694",2,7070,9015,"CT","Windham","232",2022
"S7694",125,7000,9001,"CT","Fairfield","864",2022
"S7694",125,7010,9003,"CT","Hartford","345",2022
"S7694",125,7020,9005,"CT","Litchfield","205",2022
"S7694",125,7030,9007,"CT","Middlesex","88",2022
"S7694",125,7040,9009,"CT","New Haven","466",2022
"S7694",125,7050,9011,"CT","New London","179",2022
"S7694",125,7060,9013,"CT","Tolland","55",2022
"S7694",125,7070,9015,"CT","Windham","74",2022
"S7694",803,7000,9001,"CT","Fairfield","179",2022
"S7694",803,7010,9003,"CT","Hartford","36",2022
"S7694",803,7020,9005,"CT","Litchfield","27",2022
"S7694",803,7030,9007,"CT","Middlesex","21",2022
"S7694",803,7040,9009,"CT","New Haven","157",2022
"S7694",803,7050,9011,"CT","New London","21",2022
"S8841",803,7000,9001,"CT","Fairfield","1283",2022
"S8841",803,7010,9003,"CT","Hartford","116",2022
"S8841",803,7020,9005,"CT","Litchfield","65",2022
"S8841",803,7030,9007,"CT","Middlesex","47",2022
"S8841",803,7040,9009,"CT","New Haven","391",2022
"S8841",803,7050,9011,"CT","New London","68",2022
"S8841",803,7060,9013,"CT","Tolland","24",2022
"S8841",810,7000,9001,"CT","Fairfield","13",2022
"S9701",801,7000,9001,"CT","Fairfield","114",2022
"S9701",801,7020,9005,"CT","Litchfield","16",2022
"S9701",801,7040,9009,"CT","New Haven","37",2022
"S9701",803,7000,9001,"CT","Fairfield","44",2022
"S9701",807,7000,9001,"CT","Fairfield","38",2022
"S9701",807,7040,9009,"CT","New Haven","15",2022
